#,Tag,RX Freq,Name,Mode,Skip,Step,Masked,RPT Sh,ShiftFrq,TS/DCS,Tone,DCS,TX Pwr,TX Dev,Clk Sh,SPACE,LPD,LPJ,PMR,GMRS,CB A-B,CB C-D,BANK 8,S-SPAS,POLICE,DPS,POL SN,POL VO,POL Z,POL YZ,POL Y,POL C,BANK18,WATER,A-FLOT,R-WAY,METRO,RADIO,TV CH
1,CB A02,26.075,ALPHA,NFM,OFF,5 KHz,NO,SIMP,0.000,OFF,100.0,023,HIGH,NORM,OFF,,,,,,X,,,,,,,,,,,,,,,,,,
2,CB A03,26.085,ALPHA,NFM,OFF,5 KHz,NO,DUP,438.400,OFF,100.0,023,HIGH,NORM,OFF,,,,,,X,,,,,,,,,,,,,,,,,,
3,CB A04,26.105,ALPHA,NFM,OFF,5 KHz,NO,SIMP,0.000,OFF,100.0,023,HIGH,NORM,OFF,,,,,,X,,,,,,,,,,,,,,,,,,
4,CB A05,26.115,ALPHA,NFM,OFF,5 KHz,NO,SIMP,0.000,OFF,100.0,023,HIGH,NORM,OFF,,,,,,X,,,,,,,,,,,,,,,,,,
5,CB A06,26.125,ALPHA,NFM,OFF,5 KHz,NO,SIMP,0.000,OFF,100.0,023,HIGH,NORM,OFF,,,,,,X,,,,,,,,,,,,,,,,,,
6,CB A07,26.135,ALPHA,NFM,OFF,5 KHz,NO,SIMP,0.000,OFF,100.0,023,HIGH,NORM,OFF,,,,,,X,,,,,,,,,,,,,,,,,,
7,CB A08,26.155,ALPHA,NFM,OFF,5 KHz,NO,SIMP,0.000,OFF,100.0,023,HIGH,NORM,OFF,,,,,,X,,,,,,,,,,,,,,,,,,
8,CB A09,26.165,ALPHA,NFM,OFF,5 KHz,NO,SIMP,0.000,OFF,100.0,023,HIGH,NORM,OFF,,,,,,X,,,,,,,,,,,,,,,,,,
9,CB A10,26.175,ALPHA,NFM,OFF,5 KHz,NO,SIMP,0.000,OFF,100.0,023,HIGH,NORM,OFF,,,,,,X,,,,,,,,,,,,,,,,,,
10,CB A11,26.185,ALPHA,NFM,OFF,5 KHz,NO,SIMP,0.000,OFF,100.0,023,HIGH,NORM,OFF,,,,,,X,,,,,,,,,,,,,,,,,,
11,CB A12,26.205,ALPHA,NFM,OFF,5 KHz,NO,SIMP,0.000,OFF,100.0,023,HIGH,NORM,OFF,,,,,,X,,,,,,,,,,,,,,,,,,
12,CB A13,26.215,ALPHA,NFM,OFF,5 KHz,NO,SIMP,0.000,OFF,100.0,023,HIGH,NORM,OFF,,,,,,X,,,,,,,,,,,,,,,,,,
13,CB A14,26.225,ALPHA,NFM,OFF,5 KHz,NO,SIMP,0.000,OFF,100.0,023,HIGH,NORM,OFF,,,,,,X,,,,,,,,,,,,,,,,,,
14,CB A15,26.235,ALPHA,NFM,OFF,5 KHz,NO,SIMP,0.000,OFF,100.0,023,HIGH,NORM,OFF,,,,,,X,,,,,,,,,,,,,,,,,,
15,CB A16,26.255,ALPHA,NFM,OFF,5 KHz,NO,SIMP,0.000,OFF,100.0,023,HIGH,NORM,OFF,,,,,,X,,,,,,,,,,,,,,,,,,
16,CB A17,26.265,ALPHA,NFM,OFF,5 KHz,NO,SIMP,0.000,OFF,100.0,023,HIGH,NORM,OFF,,,,,,X,,,,,,,,,,,,,,,,,,
17,CB A18,26.275,ALPHA,NFM,OFF,5 KHz,NO,SIMP,0.000,OFF,100.0,023,HIGH,NORM,OFF,,,,,,X,,,,,,,,,,,,,,,,,,
18,CB A19,26.285,ALPHA,NFM,OFF,5 KHz,NO,SIMP,0.000,OFF,100.0,023,HIGH,NORM,OFF,,,,,,X,,,,,,,,,,,,,,,,,,
19,CB A20,26.305,ALPHA,NFM,OFF,5 KHz,NO,SIMP,0.000,OFF,100.0,023,HIGH,NORM,OFF,,,,,,X,,,,,,,,,,,,,,,,,,
20,CB A21,26.315,ALPHA,NFM,OFF,5 KHz,NO,SIMP,0.000,OFF,100.0,023,HIGH,NORM,OFF,,,,,,X,,,,,,,,,,,,,,,,,,
21,CB A22,26.325,ALPHA,NFM,OFF,5 KHz,NO,SIMP,0.000,OFF,100.0,023,HIGH,NORM,OFF,,,,,,X,,,,,,,,,,,,,,,,,,
22,CB A23,26.355,ALPHA,NFM,OFF,5 KHz,NO,SIMP,0.000,OFF,100.0,023,HIGH,NORM,OFF,,,,,,X,,,,,,,,,,,,,,,,,,
23,CB A24,26.335,ALPHA,NFM,OFF,5 KHz,NO,SIMP,0.000,OFF,100.0,023,HIGH,NORM,OFF,,,,,,X,,,,,,,,,,,,,,,,,,
24,CB A25,26.345,ALPHA,NFM,OFF,5 KHz,NO,SIMP,0.000,OFF,100.0,023,HIGH,NORM,OFF,,,,,,X,,,,,,,,,,,,,,,,,,
25,CB A26,26.365,ALPHA,NFM,OFF,5 KHz,NO,SIMP,0.000,OFF,100.0,023,HIGH,NORM,OFF,,,,,,X,,,,,,,,,,,,,,,,,,
26,CB A27,26.375,ALPHA,NFM,OFF,5 KHz,NO,SIMP,0.000,OFF,100.0,023,HIGH,NORM,OFF,,,,,,X,,,,,,,,,,,,,,,,,,
27,CB A28,26.385,ALPHA,NFM,OFF,5 KHz,NO,SIMP,0.000,OFF,100.0,023,HIGH,NORM,OFF,,,,,,X,,,,,,,,,,,,,,,,,,
28,CB A29,26.395,ALPHA,NFM,OFF,5 KHz,NO,SIMP,0.000,OFF,100.0,023,HIGH,NORM,OFF,,,,,,X,,,,,,,,,,,,,,,,,,
29,CB A30,26.405,ALPHA,NFM,OFF,5 KHz,NO,SIMP,0.000,OFF,100.0,023,HIGH,NORM,OFF,,,,,,X,,,,,,,,,,,,,,,,,,
30,CB A31,26.415,ALPHA,NFM,OFF,5 KHz,NO,SIMP,0.000,OFF,100.0,023,HIGH,NORM,OFF,,,,,,X,,,,,,,,,,,,,,,,,,
31,CB A32,26.425,ALPHA,NFM,OFF,5 KHz,NO,SIMP,0.000,OFF,100.0,023,HIGH,NORM,OFF,,,,,,X,,,,,,,,,,,,,,,,,,
32,CB A33,26.435,ALPHA,NFM,OFF,5 KHz,NO,SIMP,0.000,OFF,100.0,023,HIGH,NORM,OFF,,,,,,X,,,,,,,,,,,,,,,,,,
33,CB A34,26.445,ALPHA,NFM,OFF,5 KHz,NO,SIMP,0.000,OFF,100.0,023,HIGH,NORM,OFF,,,,,,X,,,,,,,,,,,,,,,,,,
34,CB A35,26.455,ALPHA,NFM,OFF,5 KHz,NO,SIMP,0.000,OFF,100.0,023,HIGH,NORM,OFF,,,,,,X,,,,,,,,,,,,,,,,,,
35,CB A36,26.465,ALPHA,NFM,OFF,5 KHz,NO,SIMP,0.000,OFF,100.0,023,HIGH,NORM,OFF,,,,,,X,,,,,,,,,,,,,,,,,,
36,CB A37,26.475,ALPHA,NFM,OFF,5 KHz,NO,SIMP,0.000,OFF,100.0,023,HIGH,NORM,OFF,,,,,,X,,,,,,,,,,,,,,,,,,
37,CB A38,26.485,ALPHA,NFM,OFF,15 KHz,NO,SIMP,0.000,OFF,100.0,023,HIGH,NORM,OFF,,,,,,X,,,,,,,,,,,,,,,,,,
38,CB A39,26.495,ALPHA,NFM,OFF,15 KHz,NO,SIMP,0.000,OFF,100.0,023,HIGH,NORM,OFF,,,,,,X,,,,,,,,,,,,,,,,,,
39,CB A40,26.505,ALPHA,NFM,OFF,15 KHz,NO,SIMP,0.000,OFF,100.0,023,HIGH,NORM,OFF,,,,,,X,,,,,,,,,,,,,,,,,,
40,CB A41,26.095,ALPHA,NFM,OFF,15 KHz,NO,SIMP,0.000,OFF,100.0,023,HIGH,NORM,OFF,,,,,,X,,,,,,,,,,,,,,,,,,
41,CB A42,26.145,ALPHA,NFM,OFF,15 KHz,NO,SIMP,0.000,OFF,100.0,023,HIGH,NORM,OFF,,,,,,X,,,,,,,,,,,,,,,,,,
42,CB A43,26.195,ALPHA,NFM,OFF,15 KHz,NO,SIMP,0.000,OFF,100.0,023,HIGH,NORM,OFF,,,,,,X,,,,,,,,,,,,,,,,,,
43,CB A44,26.245,ALPHA,NFM,OFF,15 KHz,NO,SIMP,0.000,OFF,100.0,023,HIGH,NORM,OFF,,,,,,X,,,,,,,,,,,,,,,,,,
44,CB A45,26.295,ALPHA,NFM,OFF,15 KHz,NO,SIMP,0.000,OFF,100.0,023,HIGH,NORM,OFF,,,,,,X,,,,,,,,,,,,,,,,,,
45,CB B01,26.515,ALPHA,NFM,OFF,15 KHz,NO,SIMP,0.000,OFF,100.0,023,HIGH,NORM,OFF,,,,,,X,,,,,,,,,,,,,,,,,,
46,CB B02,26.525,ALPHA,NFM,OFF,5 KHz,NO,SIMP,0.000,OFF,100.0,023,HIGH,NORM,OFF,,,,,,X,,,,,,,,,,,,,,,,,,
47,CB B03,26.535,ALPHA,NFM,OFF,10 KHz,NO,SIMP,0.000,OFF,100.0,023,HIGH,NORM,OFF,,,,,,X,,,,,,,,,,,,,,,,,,
48,CB B04,26.555,ALPHA,NFM,OFF,10 KHz,NO,SIMP,0.000,OFF,100.0,023,HIGH,NORM,OFF,,,,,,X,,,,,,,,,,,,,,,,,,
49,CB B05,26.565,ALPHA,NFM,OFF,10 KHz,NO,SIMP,0.000,OFF,100.0,023,HIGH,NORM,OFF,,,,,,X,,,,,,,,,,,,,,,,,,
50,CB B06,26.575,ALPHA,NFM,OFF,10 KHz,NO,SIMP,0.000,OFF,100.0,023,HIGH,NORM,OFF,,,,,,X,,,,,,,,,,,,,,,,,,
51,CB B07,26.585,ALPHA,NFM,OFF,10 KHz,NO,SIMP,0.000,OFF,100.0,023,HIGH,NORM,OFF,,,,,,X,,,,,,,,,,,,,,,,,,
52,CB B08,26.605,ALPHA,NFM,OFF,10 KHz,NO,SIMP,0.000,OFF,100.0,023,HIGH,NORM,OFF,,,,,,X,,,,,,,,,,,,,,,,,,
53,CB B09,26.615,ALPHA,NFM,OFF,10 KHz,NO,SIMP,0.000,OFF,100.0,023,HIGH,NORM,OFF,,,,,,X,,,,,,,,,,,,,,,,,,
54,CB B10,26.625,ALPHA,NFM,OFF,10 KHz,NO,SIMP,0.000,OFF,100.0,023,HIGH,NORM,OFF,,,,,,X,,,,,,,,,,,,,,,,,,
55,CB B11,26.635,ALPHA,NFM,OFF,10 KHz,NO,SIMP,0.000,OFF,100.0,023,HIGH,NORM,OFF,,,,,,X,,,,,,,,,,,,,,,,,,
56,CB B12,26.655,ALPHA,NFM,OFF,10 KHz,NO,SIMP,0.000,OFF,100.0,023,HIGH,NORM,OFF,,,,,,X,,,,,,,,,,,,,,,,,,
57,CB B13,26.665,ALPHA,NFM,OFF,10 KHz,NO,SIMP,0.000,OFF,100.0,023,HIGH,NORM,OFF,,,,,,X,,,,,,,,,,,,,,,,,,
58,CB B14,26.675,ALPHA,NFM,OFF,10 KHz,NO,SIMP,0.000,OFF,100.0,023,HIGH,NORM,OFF,,,,,,X,,,,,,,,,,,,,,,,,,
59,CB B15,26.685,ALPHA,NFM,OFF,10 KHz,NO,SIMP,0.000,OFF,100.0,023,HIGH,NORM,OFF,,,,,,X,,,,,,,,,,,,,,,,,,
60,CB B16,26.705,ALPHA,NFM,OFF,10 KHz,NO,SIMP,0.000,OFF,100.0,023,HIGH,NORM,OFF,,,,,,X,,,,,,,,,,,,,,,,,,
61,CB B17,26.715,ALPHA,NFM,OFF,10 KHz,NO,SIMP,0.000,OFF,100.0,023,HIGH,NORM,OFF,,,,,,X,,,,,,,,,,,,,,,,,,
62,CB B18,26.725,ALPHA,NFM,OFF,10 KHz,NO,SIMP,0.000,OFF,100.0,023,HIGH,NORM,OFF,,,,,,X,,,,,,,,,,,,,,,,,,
63,CB B19,26.735,ALPHA,NFM,OFF,10 KHz,NO,SIMP,0.000,OFF,100.0,023,HIGH,NORM,OFF,,,,,,X,,,,,,,,,,,,,,,,,,
64,CB B20,26.755,ALPHA,NFM,OFF,10 KHz,NO,SIMP,0.000,OFF,100.0,023,HIGH,NORM,OFF,,,,,,X,,,,,,,,,,,,,,,,,,
65,CB B21,26.765,ALPHA,NFM,OFF,10 KHz,NO,SIMP,0.000,OFF,100.0,023,HIGH,NORM,OFF,,,,,,X,,,,,,,,,,,,,,,,,,
66,CB B22,26.775,ALPHA,NFM,OFF,10 KHz,NO,SIMP,0.000,OFF,100.0,023,HIGH,NORM,OFF,,,,,,X,,,,,,,,,,,,,,,,,,
67,CB B23,26.805,ALPHA,NFM,OFF,10 KHz,NO,SIMP,0.000,OFF,100.0,023,HIGH,NORM,OFF,,,,,,X,,,,,,,,,,,,,,,,,,
68,CB B24,26.785,ALPHA,NFM,OFF,10 KHz,NO,SIMP,0.000,OFF,100.0,023,HIGH,NORM,OFF,,,,,,X,,,,,,,,,,,,,,,,,,
69,CB B25,26.795,ALPHA,NFM,OFF,10 KHz,NO,SIMP,0.000,OFF,100.0,023,HIGH,NORM,OFF,,,,,,X,,,,,,,,,,,,,,,,,,
70,CB B26,26.815,ALPHA,NFM,OFF,10 KHz,NO,SIMP,0.000,OFF,100.0,023,HIGH,NORM,OFF,,,,,,X,,,,,,,,,,,,,,,,,,
71,CB B27,26.825,ALPHA,NFM,OFF,10 KHz,NO,SIMP,0.000,OFF,100.0,023,HIGH,NORM,OFF,,,,,,X,,,,,,,,,,,,,,,,,,
72,CB B28,26.835,ALPHA,NFM,OFF,10 KHz,NO,SIMP,0.000,OFF,100.0,023,HIGH,NORM,OFF,,,,,,X,,,,,,,,,,,,,,,,,,
73,CB B29,26.845,ALPHA,NFM,OFF,10 KHz,NO,SIMP,0.000,OFF,100.0,023,HIGH,NORM,OFF,,,,,,X,,,,,,,,,,,,,,,,,,
74,CB B30,26.855,ALPHA,NFM,OFF,10 KHz,NO,SIMP,0.000,OFF,100.0,023,HIGH,NORM,OFF,,,,,,X,,,,,,,,,,,,,,,,,,
75,CB B31,26.865,ALPHA,NFM,OFF,10 KHz,NO,SIMP,0.000,OFF,100.0,023,HIGH,NORM,OFF,,,,,,X,,,,,,,,,,,,,,,,,,
76,CB B32,26.875,ALPHA,NFM,OFF,10 KHz,NO,SIMP,0.000,OFF,100.0,023,HIGH,NORM,OFF,,,,,,X,,,,,,,,,,,,,,,,,,
77,CB B33,26.885,ALPHA,NFM,OFF,10 KHz,NO,SIMP,0.000,OFF,100.0,023,HIGH,NORM,OFF,,,,,,X,,,,,,,,,,,,,,,,,,
78,CB B34,26.895,ALPHA,NFM,OFF,10 KHz,NO,SIMP,0.000,OFF,100.0,023,HIGH,NORM,OFF,,,,,,X,,,,,,,,,,,,,,,,,,
79,CB B35,26.905,ALPHA,NFM,OFF,10 KHz,NO,SIMP,0.000,OFF,100.0,023,HIGH,NORM,OFF,,,,,,X,,,,,,,,,,,,,,,,,,
80,CB B36,26.915,ALPHA,NFM,OFF,10 KHz,NO,SIMP,0.000,OFF,100.0,023,HIGH,NORM,OFF,,,,,,X,,,,,,,,,,,,,,,,,,
81,CB B37,26.925,ALPHA,NFM,OFF,10 KHz,NO,SIMP,0.000,OFF,100.0,023,HIGH,NORM,OFF,,,,,,X,,,,,,,,,,,,,,,,,,
82,CB B38,26.935,ALPHA,NFM,OFF,10 KHz,NO,SIMP,0.000,OFF,100.0,023,HIGH,NORM,OFF,,,,,,X,,,,,,,,,,,,,,,,,,
83,CB B39,26.945,ALPHA,NFM,OFF,10 KHz,NO,SIMP,0.000,OFF,100.0,023,HIGH,NORM,OFF,,,,,,X,,,,,,,,,,,,,,,,,,
84,CB B40,26.955,ALPHA,NFM,OFF,10 KHz,NO,SIMP,0.000,OFF,100.0,023,HIGH,NORM,OFF,,,,,,X,,,,,,,,,,,,,,,,,,
85,CB B41,26.545,ALPHA,NFM,OFF,10 KHz,NO,SIMP,0.000,OFF,100.0,023,HIGH,NORM,OFF,,,,,,X,,,,,,,,,,,,,,,,,,
86,CB B42,26.595,ALPHA,NFM,OFF,10 KHz,NO,SIMP,0.000,OFF,100.0,023,HIGH,NORM,OFF,,,,,,X,,,,,,,,,,,,,,,,,,
87,CB B43,26.645,ALPHA,NFM,OFF,10 KHz,NO,SIMP,0.000,OFF,100.0,023,HIGH,NORM,OFF,,,,,,X,,,,,,,,,,,,,,,,,,
88,CB B44,26.695,ALPHA,NFM,OFF,10 KHz,NO,SIMP,0.000,OFF,100.0,023,HIGH,NORM,OFF,,,,,,X,,,,,,,,,,,,,,,,,,
89,CB B45,26.745,ALPHA,NFM,OFF,10 KHz,NO,SIMP,0.000,OFF,100.0,023,HIGH,NORM,OFF,,,,,,X,,,,,,,,,,,,,,,,,,
90,CB C01,26.965,ALPHA,NFM,OFF,5 KHz,NO,SIMP,0.000,OFF,100.0,023,HIGH,NORM,OFF,,,,,,,X,,,,,,,,,,,,,,,,,
91,CB C02,26.975,ALPHA,NFM,OFF,5 KHz,NO,SIMP,0.000,OFF,100.0,023,HIGH,NORM,OFF,,,,,,,X,,,,,,,,,,,,,,,,,
92,CB C03,26.985,ALPHA,NFM,OFF,5 KHz,NO,SIMP,0.000,OFF,100.0,023,HIGH,NORM,OFF,,,,,,,X,,,,,,,,,,,,,,,,,
93,CB C04,27.005,ALPHA,NFM,OFF,5 KHz,NO,SIMP,0.000,OFF,100.0,023,HIGH,NORM,OFF,,,,,,,X,,,,,,,,,,,,,,,,,
94,CB C05,27.015,ALPHA,NFM,OFF,5 KHz,NO,SIMP,0.000,OFF,100.0,023,HIGH,NORM,OFF,,,,,,,X,,,,,,,,,,,,,,,,,
95,CB C06,27.025,ALPHA,NFM,OFF,5 KHz,NO,SIMP,0.000,OFF,100.0,023,HIGH,NORM,OFF,,,,,,,X,,,,,,,,,,,,,,,,,
96,CB C07,27.035,ALPHA,NFM,OFF,5 KHz,NO,SIMP,0.000,OFF,100.0,023,HIGH,NORM,OFF,,,,,,,X,,,,,,,,,,,,,,,,,
97,CB C08,27.055,ALPHA,NFM,OFF,5 KHz,NO,SIMP,0.000,OFF,100.0,023,HIGH,NORM,OFF,,,,,,,X,,,,,,,,,,,,,,,,,
98,CB C09,27.065,ALPHA,NFM,OFF,5 KHz,NO,SIMP,0.000,OFF,100.0,023,HIGH,NORM,OFF,,,,,,,X,,,,,,,,,,,,,,,,,
99,CB C10,27.075,ALPHA,NFM,OFF,5 KHz,NO,SIMP,0.000,OFF,100.0,023,HIGH,NORM,OFF,,,,,,,X,,,,,,,,,,,,,,,,,
100,CB C11,27.085,ALPHA,NFM,OFF,5 KHz,NO,SIMP,0.000,OFF,100.0,023,HIGH,NORM,OFF,,,,,,,X,,,,,,,,,,,,,,,,,
101,CB C12,27.105,ALPHA,NFM,OFF,5 KHz,NO,SIMP,0.000,OFF,100.0,023,HIGH,NORM,OFF,,,,,,,X,,,,,,,,,,,,,,,,,
102,CB C13,27.115,ALPHA,NFM,OFF,5 KHz,NO,SIMP,0.000,OFF,100.0,023,HIGH,NORM,OFF,,,,,,,X,,,,,,,,,,,,,,,,,
103,CB C14,27.125,ALPHA,NFM,OFF,5 KHz,NO,SIMP,0.000,OFF,100.0,023,HIGH,NORM,OFF,,,,,,,X,,,,,,,,,,,,,,,,,
104,CB C15,27.135,ALPHA,NFM,OFF,5 KHz,NO,SIMP,0.000,OFF,100.0,023,HIGH,NORM,OFF,,,,,,,X,,,,,,,,,,,,,,,,,
105,CB C16,27.155,ALPHA,NFM,OFF,5 KHz,NO,SIMP,0.000,OFF,100.0,023,HIGH,NORM,OFF,,,,,,,X,,,,,,,,,,,,,,,,,
106,CB C17,27.165,ALPHA,NFM,OFF,5 KHz,NO,SIMP,0.000,OFF,100.0,023,HIGH,NORM,OFF,,,,,,,X,,,,,,,,,,,,,,,,,
107,CB C18,27.175,ALPHA,NFM,OFF,5 KHz,NO,SIMP,0.000,OFF,100.0,023,HIGH,NORM,OFF,,,,,,,X,,,,,,,,,,,,,,,,,
108,CB C19,27.185,ALPHA,NFM,OFF,5 KHz,NO,SIMP,0.000,OFF,100.0,023,HIGH,NORM,OFF,,,,,,,X,,,,,,,,,,,,,,,,,
109,CB C20,27.205,ALPHA,NFM,OFF,5 KHz,NO,SIMP,0.000,OFF,100.0,023,HIGH,NORM,OFF,,,,,,,X,,,,,,,,,,,,,,,,,
110,CB C21,27.215,ALPHA,NFM,OFF,5 KHz,NO,SIMP,0.000,OFF,100.0,023,HIGH,NORM,OFF,,,,,,,X,,,,,,,,,,,,,,,,,
111,CB C22,27.225,ALPHA,NFM,OFF,5 KHz,NO,SIMP,0.000,OFF,100.0,023,HIGH,NORM,OFF,,,,,,,X,,,,,,,,,,,,,,,,,
112,CB C23,27.255,ALPHA,NFM,OFF,5 KHz,NO,SIMP,0.000,OFF,100.0,023,HIGH,NORM,OFF,,,,,,,X,,,,,,,,,,,,,,,,,
113,CB C24,27.235,ALPHA,NFM,OFF,5 KHz,NO,SIMP,0.000,OFF,100.0,023,HIGH,NORM,OFF,,,,,,,X,,,,,,,,,,,,,,,,,
114,CB C25,27.245,ALPHA,NFM,OFF,5 KHz,NO,SIMP,0.000,OFF,100.0,023,HIGH,NORM,OFF,,,,,,,X,,,,,,,,,,,,,,,,,
115,CB C26,27.265,ALPHA,NFM,OFF,5 KHz,NO,SIMP,0.000,OFF,100.0,023,HIGH,NORM,OFF,,,,,,,X,,,,,,,,,,,,,,,,,
116,CB C27,27.275,ALPHA,NFM,OFF,5 KHz,NO,SIMP,0.000,OFF,100.0,023,HIGH,NORM,OFF,,,,,,,X,,,,,,,,,,,,,,,,,
117,CB C28,27.295,ALPHA,NFM,OFF,5 KHz,NO,SIMP,0.000,OFF,100.0,023,HIGH,NORM,OFF,,,,,,,X,,,,,,,,,,,,,,,,,
118,CB C29,27.295,ALPHA,NFM,OFF,5 KHz,NO,SIMP,0.000,OFF,100.0,023,HIGH,NORM,OFF,,,,,,,X,,,,,,,,,,,,,,,,,
119,CB C30,27.305,ALPHA,NFM,OFF,5 KHz,NO,SIMP,0.000,OFF,100.0,023,HIGH,NORM,OFF,,,,,,,X,,,,,,,,,,,,,,,,,
120,CB C31,27.315,ALPHA,NFM,OFF,5 KHz,NO,SIMP,0.000,OFF,100.0,023,HIGH,NORM,OFF,,,,,,,X,,,,,,,,,,,,,,,,,
121,CB C32,27.325,ALPHA,NFM,OFF,5 KHz,NO,SIMP,0.000,OFF,100.0,023,HIGH,NORM,OFF,,,,,,,X,,,,,,,,,,,,,,,,,
122,CB C33,27.335,ALPHA,NFM,OFF,5 KHz,NO,SIMP,0.000,OFF,100.0,023,HIGH,NORM,OFF,,,,,,,X,,,,,,,,,,,,,,,,,
123,CB C34,27.345,ALPHA,NFM,OFF,5 KHz,NO,SIMP,0.000,OFF,100.0,023,HIGH,NORM,OFF,,,,,,,X,,,,,,,,,,,,,,,,,
124,CB C35,27.355,ALPHA,NFM,OFF,5 KHz,NO,SIMP,0.000,OFF,100.0,023,HIGH,NORM,OFF,,,,,,,X,,,,,,,,,,,,,,,,,
125,CB C36,27.365,ALPHA,NFM,OFF,5 KHz,NO,SIMP,0.000,OFF,100.0,023,HIGH,NORM,OFF,,,,,,,X,,,,,,,,,,,,,,,,,
126,CB C37,27.375,ALPHA,NFM,OFF,5 KHz,NO,SIMP,0.000,OFF,100.0,023,HIGH,NORM,OFF,,,,,,,X,,,,,,,,,,,,,,,,,
127,CB C38,27.385,ALPHA,NFM,OFF,5 KHz,NO,SIMP,0.000,OFF,100.0,023,HIGH,NORM,OFF,,,,,,,X,,,,,,,,,,,,,,,,,
128,CB C39,27.395,ALPHA,NFM,OFF,5 KHz,NO,SIMP,0.000,OFF,100.0,023,HIGH,NORM,OFF,,,,,,,X,,,,,,,,,,,,,,,,,
129,CB C40,27.405,ALPHA,NFM,OFF,5 KHz,NO,SIMP,0.000,OFF,100.0,023,HIGH,NORM,OFF,,,,,,,X,,,,,,,,,,,,,,,,,
130,CB C41,26.995,ALPHA,NFM,OFF,5 KHz,NO,SIMP,0.000,OFF,100.0,023,HIGH,NORM,OFF,,,,,,,X,,,,,,,,,,,,,,,,,
131,CB C42,27.045,ALPHA,NFM,OFF,5 KHz,NO,SIMP,0.000,OFF,100.0,023,HIGH,NORM,OFF,,,,,,,X,,,,,,,,,,,,,,,,,
132,CB C43,27.095,ALPHA,NFM,OFF,5 KHz,NO,SIMP,0.000,OFF,100.0,023,HIGH,NORM,OFF,,,,,,,X,,,,,,,,,,,,,,,,,
133,CB C44,27.145,ALPHA,NFM,OFF,5 KHz,NO,SIMP,0.000,OFF,100.0,023,HIGH,NORM,OFF,,,,,,,X,,,,,,,,,,,,,,,,,
134,CB C45,27.195,ALPHA,NFM,OFF,5 KHz,NO,SIMP,0.000,OFF,100.0,023,HIGH,NORM,OFF,,,,,,,X,,,,,,,,,,,,,,,,,
135,CB D01,27.415,ALPHA,NFM,OFF,5 KHz,NO,SIMP,0.000,OFF,100.0,023,HIGH,NORM,OFF,,,,,,,X,,,,,,,,,,,,,,,,,
136,CB D02,27.425,ALPHA,NFM,OFF,5 KHz,NO,SIMP,0.000,OFF,100.0,023,HIGH,NORM,OFF,,,,,,,X,,,,,,,,,,,,,,,,,
137,CB D03,27.435,ALPHA,NFM,OFF,5 KHz,NO,SIMP,0.000,OFF,100.0,023,HIGH,NORM,OFF,,,,,,,X,,,,,,,,,,,,,,,,,
138,CB D04,27.455,ALPHA,NFM,OFF,5 KHz,NO,SIMP,0.000,OFF,100.0,023,HIGH,NORM,OFF,,,,,,,X,,,,,,,,,,,,,,,,,
139,CB D05,27.465,ALPHA,NFM,OFF,5 KHz,NO,SIMP,0.000,OFF,100.0,023,HIGH,NORM,OFF,,,,,,,X,,,,,,,,,,,,,,,,,
140,CB D06,27.475,ALPHA,NFM,OFF,5 KHz,NO,SIMP,0.000,OFF,100.0,023,HIGH,NORM,OFF,,,,,,,X,,,,,,,,,,,,,,,,,
141,CB D07,27.485,ALPHA,NFM,OFF,5 KHz,NO,SIMP,0.000,OFF,100.0,023,HIGH,NORM,OFF,,,,,,,X,,,,,,,,,,,,,,,,,
142,CB D08,27.505,ALPHA,NFM,OFF,5 KHz,NO,SIMP,0.000,OFF,100.0,023,HIGH,NORM,OFF,,,,,,,X,,,,,,,,,,,,,,,,,
143,CB D09,27.515,ALPHA,NFM,OFF,5 KHz,NO,SIMP,0.000,OFF,100.0,023,HIGH,NORM,OFF,,,,,,,X,,,,,,,,,,,,,,,,,
144,CB D10,27.525,ALPHA,NFM,OFF,5 KHz,NO,SIMP,0.000,OFF,100.0,023,HIGH,NORM,OFF,,,,,,,X,,,,,,,,,,,,,,,,,
145,CB D11,27.535,ALPHA,NFM,OFF,5 KHz,NO,SIMP,0.000,OFF,100.0,023,HIGH,NORM,OFF,,,,,,,X,,,,,,,,,,,,,,,,,
146,CB D12,27.555,ALPHA,NFM,OFF,5 KHz,NO,SIMP,0.000,OFF,100.0,023,HIGH,NORM,OFF,,,,,,,X,,,,,,,,,,,,,,,,,
147,CB D13,27.565,ALPHA,NFM,OFF,5 KHz,NO,SIMP,0.000,OFF,100.0,023,HIGH,NORM,OFF,,,,,,,X,,,,,,,,,,,,,,,,,
148,CB D14,27.575,ALPHA,NFM,OFF,5 KHz,NO,SIMP,0.000,OFF,100.0,023,HIGH,NORM,OFF,,,,,,,X,,,,,,,,,,,,,,,,,
149,CB D15,27.585,ALPHA,NFM,OFF,5 KHz,NO,SIMP,0.000,OFF,100.0,023,HIGH,NORM,OFF,,,,,,,X,,,,,,,,,,,,,,,,,
150,CB D16,27.605,ALPHA,NFM,OFF,5 KHz,NO,SIMP,0.000,OFF,100.0,023,HIGH,NORM,OFF,,,,,,,X,,,,,,,,,,,,,,,,,
151,CB D17,27.615,ALPHA,NFM,OFF,5 KHz,NO,SIMP,0.000,OFF,100.0,023,HIGH,NORM,OFF,,,,,,,X,,,,,,,,,,,,,,,,,
152,CB D18,27.625,ALPHA,NFM,OFF,5 KHz,NO,SIMP,0.000,OFF,100.0,023,HIGH,NORM,OFF,,,,,,,X,,,,,,,,,,,,,,,,,
153,CB D19,27.635,ALPHA,NFM,OFF,5 KHz,NO,SIMP,0.000,OFF,100.0,023,HIGH,NORM,OFF,,,,,,,X,,,,,,,,,,,,,,,,,
154,CB D20,27.655,ALPHA,NFM,OFF,5 KHz,NO,SIMP,0.000,OFF,100.0,023,HIGH,NORM,OFF,,,,,,,X,,,,,,,,,,,,,,,,,
155,CB D21,27.665,ALPHA,NFM,OFF,5 KHz,NO,SIMP,0.000,OFF,100.0,023,HIGH,NORM,OFF,,,,,,,X,,,,,,,,,,,,,,,,,
156,CB D22,27.675,ALPHA,NFM,OFF,5 KHz,NO,SIMP,0.000,OFF,100.0,023,HIGH,NORM,OFF,,,,,,,X,,,,,,,,,,,,,,,,,
157,CB D23,27.705,ALPHA,NFM,OFF,5 KHz,NO,SIMP,0.000,OFF,100.0,023,HIGH,NORM,OFF,,,,,,,X,,,,,,,,,,,,,,,,,
158,CB D24,27.685,ALPHA,NFM,OFF,5 KHz,NO,SIMP,0.000,OFF,100.0,023,HIGH,NORM,OFF,,,,,,,X,,,,,,,,,,,,,,,,,
159,CB D25,27.695,ALPHA,NFM,OFF,5 KHz,NO,SIMP,0.000,OFF,100.0,023,HIGH,NORM,OFF,,,,,,,X,,,,,,,,,,,,,,,,,
160,CB D26,27.715,ALPHA,NFM,OFF,5 KHz,NO,SIMP,0.000,OFF,100.0,023,HIGH,NORM,OFF,,,,,,,X,,,,,,,,,,,,,,,,,
161,CB D27,27.725,ALPHA,NFM,OFF,5 KHz,NO,SIMP,0.000,OFF,100.0,023,HIGH,NORM,OFF,,,,,,,X,,,,,,,,,,,,,,,,,
162,CB D28,27.735,ALPHA,NFM,OFF,5 KHz,NO,SIMP,0.000,OFF,100.0,023,HIGH,NORM,OFF,,,,,,,X,,,,,,,,,,,,,,,,,
163,CB D29,27.745,ALPHA,NFM,OFF,5 KHz,NO,SIMP,0.000,OFF,100.0,023,HIGH,NORM,OFF,,,,,,,X,,,,,,,,,,,,,,,,,
164,CB D30,27.755,ALPHA,NFM,OFF,5 KHz,NO,SIMP,0.000,OFF,100.0,023,HIGH,NORM,OFF,,,,,,,X,,,,,,,,,,,,,,,,,
165,CB D31,27.765,ALPHA,NFM,OFF,5 KHz,NO,SIMP,0.000,OFF,100.0,023,HIGH,NORM,OFF,,,,,,,X,,,,,,,,,,,,,,,,,
166,CB D32,27.775,ALPHA,NFM,OFF,5 KHz,NO,SIMP,0.000,OFF,100.0,023,HIGH,NORM,OFF,,,,,,,X,,,,,,,,,,,,,,,,,
167,CB D33,27.785,ALPHA,NFM,OFF,5 KHz,NO,SIMP,0.000,OFF,100.0,023,HIGH,NORM,OFF,,,,,,,X,,,,,,,,,,,,,,,,,
168,CB D34,27.795,ALPHA,NFM,OFF,5 KHz,NO,SIMP,0.000,OFF,100.0,023,HIGH,NORM,OFF,,,,,,,X,,,,,,,,,,,,,,,,,
169,CB D35,27.805,ALPHA,NFM,OFF,5 KHz,NO,SIMP,0.000,OFF,100.0,023,HIGH,NORM,OFF,,,,,,,X,,,,,,,,,,,,,,,,,
170,CB D36,27.815,ALPHA,NFM,OFF,5 KHz,NO,SIMP,0.000,OFF,100.0,023,HIGH,NORM,OFF,,,,,,,X,,,,,,,,,,,,,,,,,
171,CB D37,27.825,ALPHA,NFM,OFF,5 KHz,NO,SIMP,0.000,OFF,100.0,023,HIGH,NORM,OFF,,,,,,,X,,,,,,,,,,,,,,,,,
172,CB D38,27.835,ALPHA,NFM,OFF,5 KHz,NO,SIMP,0.000,OFF,100.0,023,HIGH,NORM,OFF,,,,,,,X,,,,,,,,,,,,,,,,,
173,CB D39,27.845,ALPHA,NFM,OFF,5 KHz,NO,SIMP,0.000,OFF,100.0,023,HIGH,NORM,OFF,,,,,,,X,,,,,,,,,,,,,,,,,
174,CB D40,27.855,ALPHA,NFM,OFF,5 KHz,NO,SIMP,0.000,OFF,100.0,023,HIGH,NORM,OFF,,,,,,,X,,,,,,,,,,,,,,,,,
175,CB D41,27.445,ALPHA,NFM,OFF,5 KHz,NO,SIMP,0.000,OFF,100.0,023,HIGH,NORM,OFF,,,,,,,X,,,,,,,,,,,,,,,,,
176,CB D42,27.495,ALPHA,NFM,OFF,5 KHz,NO,SIMP,0.000,OFF,100.0,023,HIGH,NORM,OFF,,,,,,,X,,,,,,,,,,,,,,,,,
177,CB D43,27.545,ALPHA,NFM,OFF,5 KHz,NO,SIMP,0.000,OFF,100.0,023,HIGH,NORM,OFF,,,,,,,X,,,,,,,,,,,,,,,,,
178,CB D44,27.595,ALPHA,NFM,OFF,5 KHz,NO,SIMP,0.000,OFF,100.0,023,HIGH,NORM,OFF,,,,,,,X,,,,,,,,,,,,,,,,,
179,CB D45,27.645,ALPHA,NFM,OFF,5 KHz,NO,SIMP,0.000,OFF,100.0,023,HIGH,NORM,OFF,,,,,,,X,,,,,,,,,,,,,,,,,
180,LPJ 01,422.050,ALPHA,NFM,OFF,12.5 KHz,NO,SIMP,5.000,OFF,77.0,023,HIGH,NORM,OFF,,,X,,,,,,,,,,,,,,,,,,,,,
181,LPJ 02,422.0625,ALPHA,NFM,OFF,12.5 KHz,NO,SIMP,5.000,OFF,77.0,023,HIGH,NORM,OFF,,,X,,,,,,,,,,,,,,,,,,,,,
182,LPJ 03,422.075,ALPHA,NFM,OFF,12.5 KHz,NO,SIMP,5.000,OFF,77.0,023,HIGH,NORM,OFF,,,X,,,,,,,,,,,,,,,,,,,,,
183,LPJ 04,422.0875,ALPHA,NFM,OFF,12.5 KHz,NO,SIMP,5.000,OFF,77.0,023,HIGH,NORM,OFF,,,X,,,,,,,,,,,,,,,,,,,,,
184,LPJ 05,422.100,ALPHA,NFM,OFF,12.5 KHz,NO,SIMP,5.000,OFF,77.0,023,HIGH,NORM,OFF,,,X,,,,,,,,,,,,,,,,,,,,,
185,LPJ 06,422.1125,ALPHA,NFM,OFF,12.5 KHz,NO,SIMP,5.000,OFF,77.0,023,HIGH,NORM,OFF,,,X,,,,,,,,,,,,,,,,,,,,,
186,LPJ 07,422.125,ALPHA,NFM,OFF,12.5 KHz,NO,SIMP,5.000,OFF,77.0,023,HIGH,NORM,OFF,,,X,,,,,,,,,,,,,,,,,,,,,
187,LPJ 08,422.1375,ALPHA,NFM,OFF,12.5 KHz,NO,SIMP,5.000,OFF,77.0,023,HIGH,NORM,OFF,,,X,,,,,,,,,,,,,,,,,,,,,
188,LPJ 09,422.150,ALPHA,NFM,OFF,12.5 KHz,NO,SIMP,5.000,OFF,77.0,023,HIGH,NORM,OFF,,,X,,,,,,,,,,,,,,,,,,,,,
189,LPJ 10,422.1625,ALPHA,NFM,OFF,12.5 KHz,NO,SIMP,5.000,OFF,77.0,023,HIGH,NORM,OFF,,,X,,,,,,,,,,,,,,,,,,,,,
190,LPJ 11,422.175,ALPHA,NFM,OFF,12.5 KHz,NO,SIMP,5.000,OFF,77.0,023,HIGH,NORM,OFF,,,X,,,,,,,,,,,,,,,,,,,,,
191,LPJ H1,422.200,ALPHA,NFM,OFF,12.5 KHz,NO,SIMP,5.000,OFF,77.0,023,HIGH,NORM,OFF,,,X,,,,,,,,,,,,,,,,,,,,,
192,LPJ H2,422.2125,ALPHA,NFM,OFF,12.5 KHz,NO,SIMP,5.000,OFF,77.0,023,HIGH,NORM,OFF,,,X,,,,,,,,,,,,,,,,,,,,,
193,LPJ H3,422.225,ALPHA,NFM,OFF,12.5 KHz,NO,SIMP,5.000,OFF,77.0,023,HIGH,NORM,OFF,,,X,,,,,,,,,,,,,,,,,,,,,
194,LPJ H4,422.2375,ALPHA,NFM,OFF,12.5 KHz,NO,SIMP,5.000,OFF,77.0,023,HIGH,NORM,OFF,,,X,,,,,,,,,,,,,,,,,,,,,
195,LPJ H5,422.250,ALPHA,NFM,OFF,12.5 KHz,NO,SIMP,5.000,OFF,77.0,023,HIGH,NORM,OFF,,,X,,,,,,,,,,,,,,,,,,,,,
196,LPJ H6,422.2625,ALPHA,NFM,OFF,12.5 KHz,NO,SIMP,5.000,OFF,77.0,023,HIGH,NORM,OFF,,,X,,,,,,,,,,,,,,,,,,,,,
197,LPJ H7,422.275,ALPHA,NFM,OFF,12.5 KHz,NO,SIMP,5.000,OFF,77.0,023,HIGH,NORM,OFF,,,X,,,,,,,,,,,,,,,,,,,,,
198,LPJ H8,422.2875,ALPHA,NFM,OFF,12.5 KHz,NO,SIMP,5.000,OFF,77.0,023,HIGH,NORM,OFF,,,X,,,,,,,,,,,,,,,,,,,,,
199,LPJ H9,422.300,ALPHA,NFM,OFF,12.5 KHz,NO,SIMP,5.000,OFF,77.0,023,HIGH,NORM,OFF,,,X,,,,,,,,,,,,,,,,,,,,,
200,LPD 01,433.075,ALPHA,NFM,OFF,25 KHz,NO,SIMP,5.000,OFF,88.5,023,HIGH,NORM,OFF,,X,,,,,,,,,,,,,,,,,,,,,,
201,LPD 02,433.100,ALPHA,NFM,OFF,25 KHz,NO,SIMP,5.000,OFF,88.5,023,HIGH,NORM,OFF,,X,,,,,,,,,,,,,,,,,,,,,,
202,LPD 03,433.125,ALPHA,NFM,SKIP,25 KHz,NO,SIMP,5.000,T SQL,88.5,023,HIGH,NORM,OFF,,X,,,,,,,,,,,,,,,,,,,,,,
203,LPD 04,433.150,ALPHA,NFM,OFF,25 KHz,NO,SIMP,5.000,OFF,88.5,023,HIGH,NORM,OFF,,X,,,,,,,,,,,,,,,,,,,,,,
204,LPD 05,433.175,ALPHA,NFM,OFF,25 KHz,NO,SIMP,5.000,OFF,88.5,023,HIGH,NORM,OFF,,X,,,,,,,,,,,,,,,,,,,,,,
205,LPD 06,433.200,ALPHA,NFM,OFF,25 KHz,NO,SIMP,5.000,OFF,88.5,023,HIGH,NORM,OFF,,X,,,,,,,,,,,,,,,,,,,,,,
206,LPD 07,433.225,ALPHA,NFM,OFF,25 KHz,NO,SIMP,5.000,OFF,88.5,023,HIGH,NORM,OFF,,X,,,,,,,,,,,,,,,,,,,,,,
207,LPD 08,433.250,ALPHA,NFM,OFF,25 KHz,NO,SIMP,5.000,OFF,88.5,023,HIGH,NORM,OFF,,X,,,,,,,,,,,,,,,,,,,,,,
208,LPD 09,433.275,ALPHA,NFM,OFF,25 KHz,NO,SIMP,5.000,OFF,88.5,023,HIGH,NORM,OFF,,X,,,,,,,,,,,,,,,,,,,,,,
209,LPD 10,433.300,ALPHA,NFM,OFF,25 KHz,NO,SIMP,5.000,TONE,131.8,023,HIGH,NORM,OFF,,X,,,,,,,,,,,,,,,,,,,,,,
210,LPD 11,433.325,ALPHA,NFM,OFF,25 KHz,NO,SIMP,5.000,OFF,88.5,023,HIGH,NORM,OFF,,X,,,,,,,,,,,,,,,,,,,,,,
211,LPD 12,433.350,ALPHA,NFM,OFF,25 KHz,NO,SIMP,5.000,OFF,88.5,023,HIGH,NORM,OFF,,X,,,,,,,,,,,,,,,,,,,,,,
212,LPD 13,433.375,ALPHA,NFM,OFF,25 KHz,NO,SIMP,5.000,OFF,88.5,023,HIGH,NORM,OFF,,X,,,,,,,,,,,,,,,,,,,,,,
213,LPD 14,433.400,ALPHA,NFM,OFF,25 KHz,NO,SIMP,5.000,OFF,88.5,023,HIGH,NORM,OFF,,X,,,,,,,,,,,,,,,,,,,,,,
214,LPD 15,433.425,ALPHA,NFM,OFF,25 KHz,NO,SIMP,5.000,OFF,88.5,023,HIGH,NORM,OFF,,X,,,,,,,,,,,,,,,,,,,,,,
215,LPD 16,433.450,ALPHA,NFM,OFF,25 KHz,NO,SIMP,5.000,OFF,88.5,023,HIGH,NORM,OFF,,X,,,,,,,,,,,,,,,,,,,,,,
216,LPD 17,433.475,ALPHA,NFM,OFF,25 KHz,NO,SIMP,5.000,OFF,88.5,023,HIGH,NORM,OFF,,X,,,,,,,,,,,,,,,,,,,,,,
217,LPD 18,433.500,ALPHA,NFM,SKIP,25 KHz,NO,SIMP,5.000,T SQL,88.5,023,HIGH,NORM,OFF,,X,,,,,,,,,,,,,,,,,,,,,,
218,LPD 19,433.525,ALPHA,NFM,OFF,25 KHz,NO,SIMP,5.000,OFF,88.5,023,HIGH,NORM,OFF,,X,,,,,,,,,,,,,,,,,,,,,,
219,LPD 20,433.550,ALPHA,NFM,OFF,25 KHz,NO,SIMP,5.000,OFF,88.5,023,HIGH,NORM,OFF,,X,,,,,,,,,,,,,,,,,,,,,,
220,LPD 21,433.575,ALPHA,NFM,OFF,25 KHz,NO,SIMP,5.000,OFF,88.5,023,HIGH,NORM,OFF,,X,,,,,,,,,,,,,,,,,,,,,,
221,LPD 22,433.600,ALPHA,NFM,OFF,25 KHz,NO,SIMP,5.000,OFF,88.5,023,HIGH,NORM,OFF,,X,,,,,,,,,,,,,,,,,,,,,,
222,LPD 23,433.625,ALPHA,NFM,OFF,25 KHz,NO,SIMP,5.000,OFF,88.5,023,HIGH,NORM,OFF,,X,,,,,,,,,,,,,,,,,,,,,,
223,LPD 24,433.650,ALPHA,NFM,OFF,25 KHz,NO,SIMP,5.000,OFF,88.5,023,HIGH,NORM,OFF,,X,,,,,,,,,,,,,,,,,,,,,,
224,LPD 25,433.675,ALPHA,NFM,OFF,25 KHz,NO,SIMP,5.000,OFF,88.5,023,HIGH,NORM,OFF,,X,,,,,,,,,,,,,,,,,,,,,,
225,LPD 26,433.700,ALPHA,NFM,OFF,25 KHz,NO,SIMP,5.000,OFF,88.5,023,HIGH,NORM,OFF,,X,,,,,,,,,,,,,,,,,,,,,,
226,LPD 27,433.725,ALPHA,NFM,OFF,25 KHz,NO,SIMP,5.000,OFF,88.5,023,HIGH,NORM,OFF,,X,,,,,,,,,,,,,,,,,,,,,,
227,LPD 28,433.750,ALPHA,NFM,OFF,25 KHz,NO,SIMP,5.000,OFF,88.5,023,HIGH,NORM,OFF,,X,,,,,,,,,,,,,,,,,,,,,,
228,LPD 29,433.775,ALPHA,NFM,OFF,25 KHz,NO,SIMP,5.000,OFF,88.5,023,HIGH,NORM,OFF,,X,,,,,,,,,,,,,,,,,,,,,,
229,LPD 30,433.800,ALPHA,NFM,OFF,25 KHz,NO,SIMP,5.000,OFF,88.5,023,HIGH,NORM,OFF,,X,,,,,,,,,,,,,,,,,,,,,,
230,LPD 31,433.825,ALPHA,NFM,OFF,25 KHz,NO,SIMP,5.000,OFF,88.5,023,HIGH,NORM,OFF,,X,,,,,,,,,,,,,,,,,,,,,,
231,LPD 32,433.850,ALPHA,NFM,OFF,25 KHz,NO,SIMP,5.000,OFF,88.5,023,HIGH,NORM,OFF,,X,,,,,,,,,,,,,,,,,,,,,,
232,LPD 33,433.875,ALPHA,NFM,OFF,25 KHz,NO,SIMP,5.000,OFF,88.5,023,HIGH,NORM,OFF,,X,,,,,,,,,,,,,,,,,,,,,,
233,LPD 34,433.900,ALPHA,NFM,OFF,25 KHz,NO,SIMP,5.000,OFF,88.5,023,HIGH,NORM,OFF,,X,,,,,,,,,,,,,,,,,,,,,,
234,ALARM,433.925,ALPHA,NFM,SKIP,25 KHz,NO,SIMP,5.000,T SQL,88.5,023,HIGH,NORM,OFF,,X,,,,,,,,,,,,,,,,,,,,,,
235,LPD 36,433.950,ALPHA,NFM,OFF,25 KHz,NO,SIMP,5.000,OFF,88.5,023,HIGH,NORM,OFF,,X,,,,,,,,,,,,,,,,,,,,,,
236,LPD 37,433.975,ALPHA,NFM,OFF,25 KHz,NO,SIMP,5.000,OFF,88.5,023,HIGH,NORM,OFF,,X,,,,,,,,,,,,,,,,,,,,,,
237,LPD 38,434.000,ALPHA,NFM,OFF,25 KHz,NO,SIMP,5.000,OFF,88.5,023,HIGH,NORM,OFF,,X,,,,,,,,,,,,,,,,,,,,,,
238,LPD 39,434.025,ALPHA,NFM,OFF,25 KHz,NO,SIMP,5.000,OFF,88.5,023,HIGH,NORM,OFF,,X,,,,,,,,,,,,,,,,,,,,,,
239,LPD 40,434.050,ALPHA,NFM,OFF,25 KHz,NO,SIMP,5.000,OFF,88.5,023,HIGH,NORM,OFF,,X,,,,,,,,,,,,,,,,,,,,,,
240,LPD 41,434.075,ALPHA,NFM,OFF,25 KHz,NO,SIMP,5.000,OFF,88.5,023,HIGH,NORM,OFF,,X,,,,,,,,,,,,,,,,,,,,,,
241,LPD 42,434.100,ALPHA,NFM,OFF,25 KHz,NO,SIMP,5.000,OFF,88.5,023,HIGH,NORM,OFF,,X,,,,,,,,,,,,,,,,,,,,,,
242,LPD 43,434.125,ALPHA,NFM,OFF,25 KHz,NO,SIMP,5.000,OFF,88.5,023,HIGH,NORM,OFF,,X,,,,,,,,,,,,,,,,,,,,,,
243,LPD 44,434.150,ALPHA,NFM,OFF,25 KHz,NO,SIMP,5.000,OFF,88.5,023,HIGH,NORM,OFF,,X,,,,,,,,,,,,,,,,,,,,,,
244,LPD 45,434.175,ALPHA,NFM,OFF,25 KHz,NO,SIMP,5.000,OFF,88.5,023,HIGH,NORM,OFF,,X,,,,,,,,,,,,,,,,,,,,,,
245,LPD 46,434.200,ALPHA,NFM,OFF,25 KHz,NO,SIMP,5.000,OFF,88.5,023,HIGH,NORM,OFF,,X,,,,,,,,,,,,,,,,,,,,,,
246,LPD 47,434.225,ALPHA,NFM,OFF,25 KHz,NO,SIMP,5.000,OFF,88.5,023,HIGH,NORM,OFF,,X,,,,,,,,,,,,,,,,,,,,,,
247,LPD 48,434.250,ALPHA,NFM,OFF,25 KHz,NO,SIMP,5.000,OFF,88.5,023,HIGH,NORM,OFF,,X,,,,,,,,,,,,,,,,,,,,,,
248,LPD 49,434.275,ALPHA,NFM,OFF,25 KHz,NO,SIMP,5.000,OFF,88.5,023,HIGH,NORM,OFF,,X,,,,,,,,,,,,,,,,,,,,,,
249,LPD 50,434.300,ALPHA,NFM,OFF,25 KHz,NO,SIMP,5.000,OFF,88.5,023,HIGH,NORM,OFF,,X,,,,,,,,,,,,,,,,,,,,,,
250,LPD 51,434.325,ALPHA,NFM,OFF,25 KHz,NO,SIMP,5.000,OFF,88.5,023,HIGH,NORM,OFF,,X,,,,,,,,,,,,,,,,,,,,,,
251,LPD 52,434.350,ALPHA,NFM,OFF,25 KHz,NO,SIMP,5.000,OFF,88.5,023,HIGH,NORM,OFF,,X,,,,,,,,,,,,,,,,,,,,,,
252,LPD 53,434.375,ALPHA,NFM,OFF,25 KHz,NO,SIMP,5.000,OFF,88.5,023,HIGH,NORM,OFF,,X,,,,,,,,,,,,,,,,,,,,,,
253,LPD 54,434.400,ALPHA,NFM,OFF,25 KHz,NO,SIMP,5.000,OFF,88.5,023,HIGH,NORM,OFF,,X,,,,,,,,,,,,,,,,,,,,,,
254,LPD 55,434.425,ALPHA,NFM,OFF,25 KHz,NO,SIMP,5.000,OFF,88.5,023,HIGH,NORM,OFF,,X,,,,,,,,,,,,,,,,,,,,,,
255,LPD 56,434.450,ALPHA,NFM,OFF,25 KHz,NO,SIMP,5.000,OFF,88.5,023,HIGH,NORM,OFF,,X,,,,,,,,,,,,,,,,,,,,,,
256,LPD 57,434.475,ALPHA,NFM,OFF,25 KHz,NO,SIMP,5.000,OFF,88.5,023,HIGH,NORM,OFF,,X,,,,,,,,,,,,,,,,,,,,,,
257,LPD 58,434.500,ALPHA,NFM,OFF,25 KHz,NO,SIMP,5.000,OFF,88.5,023,HIGH,NORM,OFF,,X,,,,,,,,,,,,,,,,,,,,,,
258,LPD 59,434.525,ALPHA,NFM,OFF,25 KHz,NO,SIMP,5.000,OFF,88.5,023,HIGH,NORM,OFF,,X,,,,,,,,,,,,,,,,,,,,,,
259,LPD 60,434.550,ALPHA,NFM,OFF,25 KHz,NO,SIMP,5.000,OFF,88.5,023,HIGH,NORM,OFF,,X,,,,,,,,,,,,,,,,,,,,,,
260,LPD 61,434.575,ALPHA,NFM,OFF,25 KHz,NO,SIMP,5.000,OFF,88.5,023,HIGH,NORM,OFF,,X,,,,,,,,,,,,,,,,,,,,,,
261,LPD 62,434.600,ALPHA,NFM,OFF,25 KHz,NO,SIMP,5.000,OFF,88.5,023,HIGH,NORM,OFF,,X,,,,,,,,,,,,,,,,,,,,,,
262,LPD 63,434.625,ALPHA,NFM,OFF,25 KHz,NO,SIMP,5.000,OFF,88.5,023,HIGH,NORM,OFF,,X,,,,,,,,,,,,,,,,,,,,,,
263,LPD 64,434.650,ALPHA,NFM,OFF,25 KHz,NO,SIMP,5.000,OFF,88.5,023,HIGH,NORM,OFF,,X,,,,,,,,,,,,,,,,,,,,,,
264,LPD 65,434.675,ALPHA,NFM,OFF,25 KHz,NO,SIMP,5.000,OFF,88.5,023,HIGH,NORM,OFF,,X,,,,,,,,,,,,,,,,,,,,,,
265,LPD 66,434.700,ALPHA,NFM,OFF,25 KHz,NO,SIMP,5.000,OFF,88.5,023,HIGH,NORM,OFF,,X,,,,,,,,,,,,,,,,,,,,,,
266,LPD 67,434.725,ALPHA,NFM,OFF,25 KHz,NO,SIMP,5.000,OFF,88.5,023,HIGH,NORM,OFF,,X,,,,,,,,,,,,,,,,,,,,,,
267,LPD 68,434.750,ALPHA,NFM,OFF,25 KHz,NO,SIMP,5.000,OFF,88.5,023,HIGH,NORM,OFF,,X,,,,,,,,,,,,,,,,,,,,,,
268,LPD 69,434.775,ALPHA,NFM,OFF,25 KHz,NO,SIMP,5.000,OFF,88.5,023,HIGH,NORM,OFF,,X,,,,,,,,,,,,,,,,,,,,,,
269,LPD 70,434.800,ALPHA,NFM,OFF,25 KHz,NO,SIMP,5.000,OFF,88.5,023,HIGH,NORM,OFF,,X,,,,,,,,,,,,,,,,,,,,,,
270,PMR P1,446.005,ALPHA,NFM,OFF,5 KHz,NO,SIMP,5.000,OFF,131.8,023,HIGH,NORM,OFF,,,,X,,,,,,,,,,,,,,,,,,,,
271,PMR P2,446.020,ALPHA,NFM,OFF,5 KHz,NO,SIMP,5.000,OFF,131.8,023,HIGH,NORM,OFF,,,,X,,,,,,,,,,,,,,,,,,,,
272,PMR P3,446.030,ALPHA,NFM,OFF,5 KHz,NO,SIMP,5.000,OFF,131.8,023,HIGH,NORM,OFF,,,,X,,,,,,,,,,,,,,,,,,,,
273,PMR P4,446.045,ALPHA,NFM,OFF,5 KHz,NO,SIMP,5.000,OFF,131.8,023,HIGH,NORM,OFF,,,,X,,,,,,,,,,,,,,,,,,,,
274,PMR P5,446.055,ALPHA,NFM,OFF,5 KHz,NO,SIMP,5.000,OFF,131.8,023,HIGH,NORM,OFF,,,,X,,,,,,,,,,,,,,,,,,,,
275,PMR P6,446.070,ALPHA,NFM,OFF,5 KHz,NO,SIMP,5.000,OFF,131.8,023,HIGH,NORM,OFF,,,,X,,,,,,,,,,,,,,,,,,,,
276,PMR P7,446.080,ALPHA,NFM,OFF,5 KHz,NO,SIMP,5.000,OFF,131.8,023,HIGH,NORM,OFF,,,,X,,,,,,,,,,,,,,,,,,,,
277,PMR P8,446.095,ALPHA,NFM,OFF,5 KHz,NO,SIMP,5.000,TONE,131.8,023,HIGH,NORM,OFF,,,,X,,,,,,,,,,,,,,,,,,,,
278,PMR P9,446.105,ALPHA,NFM,OFF,5 KHz,NO,SIMP,5.000,OFF,131.8,023,HIGH,NORM,OFF,,,,X,,,,,,,,,,,,,,,,,,,,
279,GMRS 1,462.565,ALPHA,NFM,OFF,25 KHz,NO,SIMP,3.000,OFF,88.5,023,HIGH,NORM,OFF,,,,,X,,,,,,,,,,,,,,,,,,,
280,GMRS 2,462.590,ALPHA,NFM,OFF,25 KHz,NO,SIMP,3.000,OFF,88.5,023,HIGH,NORM,OFF,,,,,X,,,,,,,,,,,,,,,,,,,
281,GMRS 3,462.615,ALPHA,NFM,OFF,25 KHz,NO,SIMP,3.000,OFF,88.5,023,HIGH,NORM,OFF,,,,,X,,,,,,,,,,,,,,,,,,,
282,GMRS 4,462.640,ALPHA,NFM,OFF,25 KHz,NO,SIMP,3.000,OFF,88.5,023,HIGH,NORM,OFF,,,,,X,,,,,,,,,,,,,,,,,,,
283,GMRS 5,462.665,ALPHA,NFM,OFF,25 KHz,NO,SIMP,3.000,OFF,88.5,023,HIGH,NORM,OFF,,,,,X,,,,,,,,,,,,,,,,,,,
284,GMRS 6,462.690,ALPHA,NFM,OFF,25 KHz,NO,SIMP,3.000,OFF,88.5,023,HIGH,NORM,OFF,,,,,X,,,,,,,,,,,,,,,,,,,
285,GMRS 7,462.715,ALPHA,NFM,OFF,25 KHz,NO,SIMP,3.000,OFF,88.5,023,HIGH,NORM,OFF,,,,,X,,,,,,,,,,,,,,,,,,,
286,GMRS 8,467.565,ALPHA,NFM,OFF,25 KHz,NO,SIMP,0.000,OFF,88.5,023,HIGH,NORM,OFF,,,,,X,,,,,,,,,,,,,,,,,,,
287,GMRS 9,467.590,ALPHA,NFM,OFF,25 KHz,NO,SIMP,0.000,OFF,88.5,023,HIGH,NORM,OFF,,,,,X,,,,,,,,,,,,,,,,,,,
288,GMRS10,467.615,ALPHA,NFM,OFF,25 KHz,NO,SIMP,0.000,OFF,88.5,023,HIGH,NORM,OFF,,,,,X,,,,,,,,,,,,,,,,,,,
289,GMRS11,467.640,ALPHA,NFM,OFF,25 KHz,NO,SIMP,0.000,OFF,88.5,023,HIGH,NORM,OFF,,,,,X,,,,,,,,,,,,,,,,,,,
290,GMRS12,467.665,ALPHA,NFM,OFF,25 KHz,NO,SIMP,3.000,OFF,88.5,023,HIGH,NORM,OFF,,,,,X,,,,,,,,,,,,,,,,,,,
291,GMRS13,467.690,ALPHA,NFM,OFF,25 KHz,NO,SIMP,0.000,OFF,88.5,023,HIGH,NORM,OFF,,,,,X,,,,,,,,,,,,,,,,,,,
292,GMRS14,467.715,ALPHA,NFM,OFF,25 KHz,NO,SIMP,0.000,OFF,88.5,023,HIGH,NORM,OFF,,,,,X,,,,,,,,,,,,,,,,,,,
293,GMRS15,462.550,ALPHA,NFM,OFF,25 KHz,NO,SIMP,0.000,OFF,88.5,023,HIGH,NORM,OFF,,,,,X,,,,,,,,,,,,,,,,,,,
294,GMRS16,462.575,ALPHA,NFM,OFF,25 KHz,NO,SIMP,0.000,OFF,88.5,023,HIGH,NORM,OFF,,,,,X,,,,,,,,,,,,,,,,,,,
295,GMRS17,462.600,ALPHA,NFM,OFF,25 KHz,NO,SIMP,0.000,OFF,88.5,023,HIGH,NORM,OFF,,,,,X,,,,,,,,,,,,,,,,,,,
296,GMRS18,462.625,ALPHA,NFM,OFF,25 KHz,NO,SIMP,0.000,OFF,88.5,023,HIGH,NORM,OFF,,,,,X,,,,,,,,,,,,,,,,,,,
297,GMRS19,462.650,ALPHA,NFM,OFF,25 KHz,NO,SIMP,0.000,OFF,88.5,023,HIGH,NORM,OFF,,,,,X,,,,,,,,,,,,,,,,,,,
298,GMRS20,462.675,ALPHA,NFM,OFF,25 KHz,NO,SIMP,0.000,OFF,88.5,023,HIGH,NORM,OFF,,,,,X,,,,,,,,,,,,,,,,,,,
299,GMRS21,462.700,ALPHA,NFM,OFF,25 KHz,NO,SIMP,0.000,OFF,88.5,023,HIGH,NORM,OFF,,,,,X,,,,,,,,,,,,,,,,,,,
300,GMRS22,462.725,ALPHA,NFM,OFF,25 KHz,NO,SIMP,0.000,OFF,88.5,023,HIGH,NORM,OFF,,,,,X,,,,,,,,,,,,,,,,,,,
301,,,,,,,,,,,,,,,,,,,,,,,,,,,,,,,,,,,,,,,
302,,,,,,,,,,,,,,,,,,,,,,,,,,,,,,,,,,,,,,,
303,,,,,,,,,,,,,,,,,,,,,,,,,,,,,,,,,,,,,,,
304,,,,,,,,,,,,,,,,,,,,,,,,,,,,,,,,,,,,,,,
305,,,,,,,,,,,,,,,,,,,,,,,,,,,,,,,,,,,,,,,
306,,,,,,,,,,,,,,,,,,,,,,,,,,,,,,,,,,,,,,,
307,,,,,,,,,,,,,,,,,,,,,,,,,,,,,,,,,,,,,,,
308,   INF,125.875,ALPHA,AM,OFF,5 KHz,NO,SIMP,0.000,OFF,88.5,023,LOW1,NORM,OFF,,,,,,,,,,,,,,,,,,,,X,,,,
309,VN INF,121.700,ALPHA,AM,OFF,5 KHz,NO,SIMP,0.000,OFF,88.5,023,LOW1,NORM,OFF,,,,,,,,,,,,,,,,,,,,X,,,,
310,VN-INF,128.125,ALPHA,AM,OFF,5 KHz,NO,SIMP,0.000,OFF,88.5,023,LOW1,NORM,OFF,,,,,,,,,,,,,,,,,,,,X,,,,
311,SH INF,126.375,ALPHA,AM,OFF,5 KHz,NO,SIMP,0.000,OFF,88.5,023,LOW1,NORM,OFF,,,,,,,,,,,,,,,,,,,,X,,,,
312,SH-INF,127.875,ALPHA,AM,OFF,5 KHz,NO,SIMP,0.000,OFF,88.5,023,LOW1,NORM,OFF,,,,,,,,,,,,,,,,,,,,X,,,,
313,BK INF,124.800,ALPHA,AM,OFF,5 KHz,NO,SIMP,0.000,OFF,88.5,023,LOW1,NORM,OFF,,,,,,,,,,,,,,,,,,,,X,,,,
314,DM INF,128.300,ALPHA,AM,OFF,5 KHz,NO,SIMP,0.000,OFF,88.5,023,LOW1,NORM,OFF,,,,,,,,,,,,,,,,,,,,X,,,,
315,START,124.000,ALPHA,AM,SKIP,5 KHz,NO,SIMP,0.000,OFF,88.5,023,LOW1,NORM,OFF,,,,,,,,,,,,,,,,,,,,X,,,,
316,START-,124.000,ALPHA,AM,SKIP,5 KHz,NO,SIMP,0.000,OFF,88.5,023,LOW1,NORM,OFF,,,,,,,,,,,,,,,,,,,,X,,,,
317,   RUL,119.000,ALPHA,AM,OFF,5 KHz,NO,SIMP,0.000,OFF,88.5,023,LOW1,NORM,OFF,,,,,,,,,,,,,,,,,,,,X,,,,
318,   KRU,124.400,ALPHA,AM,SKIP,5 KHz,NO,SIMP,0.000,OFF,88.5,023,LOW1,NORM,OFF,,,,,,,,,,,,,,,,,,,,X,,,,
319,  TR 1,131.900,ALPHA,AM,OFF,5 KHz,NO,SIMP,0.000,OFF,88.5,023,LOW1,NORM,OFF,,,,,,,,,,,,,,,,,,,,X,,,,
320,  TR 2,131.775,ALPHA,AM,SKIP,5 KHz,NO,SIMP,0.000,OFF,88.5,023,LOW1,NORM,OFF,,,,,,,,,,,,,,,,,,,,X,,,,
321,VN RUL,120.450,ALPHA,AM,OFF,5 KHz,NO,SIMP,0.000,OFF,88.5,023,LOW1,NORM,OFF,,,,,,,,,,,,,,,,,,,,X,,,,
322,VN TR1,131.800,ALPHA,AM,OFF,5 KHz,NO,SIMP,0.000,OFF,88.5,023,LOW1,NORM,OFF,,,,,,,,,,,,,,,,,,,,X,,,,
323,VN TR2,131.875,ALPHA,AM,OFF,5 KHz,NO,SIMP,0.000,OFF,88.5,023,LOW1,NORM,OFF,,,,,,,,,,,,,,,,,,,,X,,,,
324,VN TEH,122.875,ALPHA,AM,OFF,5 KHz,NO,SIMP,0.000,OFF,88.5,023,LOW1,NORM,OFF,,,,,,,,,,,,,,,,,,,,X,,,,
325,VN POS,118.300,ALPHA,AM,SKIP,5 KHz,NO,SIMP,0.000,OFF,88.5,023,LOW1,NORM,OFF,,,,,,,,,,,,,,,,,,,,X,,,,
326,VN KRU,126.000,ALPHA,AM,OFF,5 KHz,NO,SIMP,0.000,OFF,88.5,023,LOW1,NORM,OFF,,,,,,,,,,,,,,,,,,,,X,,,,
327,VN POD,122.300,ALPHA,AM,OFF,5 KHz,NO,SIMP,0.000,OFF,88.5,023,LOW1,NORM,OFF,,,,,,,,,,,,,,,,,,,,X,,,,
328,DM KRU,127.700,ALPHA,AM,OFF,5 KHz,NO,SIMP,0.000,OFF,88.5,023,LOW1,NORM,OFF,,,,,,,,,,,,,,,,,,,,X,,,,
329,DM POS,118.600,ALPHA,AM,OFF,5 KHz,NO,SIMP,0.000,OFF,88.5,023,LOW1,NORM,OFF,,,,,,,,,,,,,,,,,,,,X,,,,
330,DM-POS,119.700,ALPHA,AM,OFF,5 KHz,NO,SIMP,0.000,OFF,88.5,023,LOW1,NORM,OFF,,,,,,,,,,,,,,,,,,,,X,,,,
331,DM POD,120.600,ALPHA,AM,OFF,5 KHz,NO,SIMP,0.000,OFF,88.5,023,LOW1,NORM,OFF,,,,,,,,,,,,,,,,,,,,X,,,,
332,SH KRU,118.100,ALPHA,AM,OFF,5 KHz,NO,SIMP,0.000,OFF,88.5,023,LOW1,NORM,OFF,,,,,,,,,,,,,,,,,,,,X,,,,
333,SH POS,131.500,ALPHA,AM,OFF,5 KHz,NO,SIMP,0.000,OFF,88.5,023,LOW1,NORM,OFF,,,,,,,,,,,,,,,,,,,,X,,,,
334,SH-POS,120.700,ALPHA,AM,SKIP,5 KHz,NO,SIMP,0.000,OFF,88.5,023,LOW1,NORM,OFF,,,,,,,,,,,,,,,,,,,,X,,,,
335,SH TEH,131.925,ALPHA,AM,OFF,5 KHz,NO,SIMP,0.000,OFF,88.5,023,LOW1,NORM,OFF,,,,,,,,,,,,,,,,,,,,X,,,,
336,SH TR,130.650,ALPHA,AM,OFF,5 KHz,NO,SIMP,0.000,OFF,88.5,023,LOW1,NORM,OFF,,,,,,,,,,,,,,,,,,,,X,,,,
337,SH POD,119.300,ALPHA,AM,OFF,5 KHz,NO,SIMP,0.000,OFF,88.5,023,LOW1,NORM,OFF,,,,,,,,,,,,,,,,,,,,X,,,,
338,SH-POD,123.700,ALPHA,AM,OFF,5 KHz,NO,SIMP,0.000,OFF,88.5,023,LOW1,NORM,OFF,,,,,,,,,,,,,,,,,,,,X,,,,
339,SH RUL,121.800,ALPHA,AM,OFF,5 KHz,NO,SIMP,0.000,OFF,88.5,023,LOW1,NORM,OFF,,,,,,,,,,,,,,,,,,,,X,,,,
340,BK KRU,119.400,ALPHA,AM,OFF,5 KHz,NO,SIMP,0.000,OFF,88.5,023,LOW1,NORM,OFF,,,,,,,,,,,,,,,,,,,,X,,,,
341,BK-KRU,128.700,ALPHA,AM,SKIP,5 KHz,NO,SIMP,0.000,OFF,88.5,023,LOW1,NORM,OFF,,,,,,,,,,,,,,,,,,,,X,,,,
342,BK POS,121.200,ALPHA,AM,OFF,5 KHz,NO,SIMP,0.000,OFF,88.5,023,LOW1,NORM,OFF,,,,,,,,,,,,,,,,,,,,X,,,,
343,BK TR,131.700,ALPHA,AM,SKIP,5 KHz,NO,SIMP,0.000,OFF,88.5,023,LOW1,NORM,OFF,,,,,,,,,,,,,,,,,,,,X,,,,
344,BK POD,127.300,ALPHA,AM,OFF,5 KHz,NO,SIMP,0.000,OFF,88.5,023,LOW1,NORM,OFF,,,,,,,,,,,,,,,,,,,,X,,,,
345,CH KRU,133.500,ALPHA,AM,OFF,5 KHz,NO,SIMP,0.000,OFF,88.5,023,LOW1,NORM,OFF,,,,,,,,,,,,,,,,,,,,X,,,,
346,CH POS,121.100,ALPHA,AM,OFF,5 KHz,NO,SIMP,0.000,OFF,88.5,023,LOW1,NORM,OFF,,,,,,,,,,,,,,,,,,,,X,,,,
347,CH STA,123.500,ALPHA,AM,OFF,5 KHz,NO,SIMP,0.000,OFF,88.5,023,LOW1,NORM,OFF,,,,,,,,,,,,,,,,,,,,X,,,,
348,RM INF,130.000,ALPHA,AM,OFF,5 KHz,NO,SIMP,0.000,OFF,88.5,023,LOW1,NORM,OFF,,,,,,,,,,,,,,,,,,,,X,,,,
349,RM POS,125.250,ALPHA,AM,OFF,5 KHz,NO,SIMP,0.000,OFF,88.5,023,LOW1,NORM,OFF,,,,,,,,,,,,,,,,,,,,X,,,,
350,RM RUL,131.000,ALPHA,AM,OFF,5 KHz,NO,SIMP,0.000,OFF,88.5,023,LOW1,NORM,OFF,,,,,,,,,,,,,,,,,,,,X,,,,
351,RM TR,123.900,ALPHA,AM,OFF,5 KHz,NO,SIMP,0.000,OFF,88.5,023,LOW1,NORM,OFF,,,,,,,,,,,,,,,,,,,,X,,,,
352,RM POD,124.250,ALPHA,AM,OFF,5 KHz,NO,SIMP,0.000,OFF,88.5,023,LOW1,NORM,OFF,,,,,,,,,,,,,,,,,,,,X,,,,
353,TUSH 1,133.125,ALPHA,AM,OFF,5 KHz,NO,SIMP,0.000,OFF,88.5,023,LOW1,NORM,OFF,,,,,,,,,,,,,,,,,,,,X,,,,
354,TUSH 2,133.900,ALPHA,AM,OFF,5 KHz,NO,SIMP,0.000,OFF,88.5,023,LOW1,NORM,OFF,,,,,,,,,,,,,,,,,,,,X,,,,
355,OST VI,119.200,ALPHA,AM,OFF,5 KHz,NO,SIMP,0.000,OFF,88.5,023,LOW1,NORM,OFF,,,,,,,,,,,,,,,,,,,,X,,,,
356,OST AT,127.600,ALPHA,AM,OFF,5 KHz,NO,SIMP,0.000,OFF,88.5,023,LOW1,NORM,OFF,,,,,,,,,,,,,,,,,,,,X,,,,
357,OST TR,130.300,ALPHA,AM,OFF,5 KHz,NO,SIMP,0.000,OFF,88.5,023,LOW1,NORM,OFF,,,,,,,,,,,,,,,,,,,,X,,,,
358,ALFER,125.000,ALPHA,AM,OFF,5 KHz,NO,SIMP,0.000,OFF,88.5,023,LOW1,NORM,OFF,,,,,,,,,,,,,,,,,,,,X,,,,
359,KOROB,118.800,ALPHA,AM,OFF,5 KHz,NO,SIMP,0.000,OFF,88.5,023,LOW1,NORM,OFF,,,,,,,,,,,,,,,,,,,,X,,,,
360,VOLOSO,129.100,ALPHA,AM,OFF,5 KHz,NO,SIMP,0.000,OFF,88.5,023,LOW1,NORM,OFF,,,,,,,,,,,,,,,,,,,,X,,,,
361,SOLNC,135.650,ALPHA,AM,OFF,5 KHz,NO,SIMP,0.000,OFF,88.5,023,LOW1,NORM,OFF,,,,,,,,,,,,,,,,,,,,X,,,,
362,MYACH,133.000,ALPHA,AM,OFF,5 KHz,NO,SIMP,0.000,OFF,88.5,023,LOW1,NORM,OFF,,,,,,,,,,,,,,,,,,,,X,,,,
363,------,135.500,ALPHA,AM,OFF,5 KHz,NO,SIMP,0.000,OFF,88.5,023,LOW1,NORM,OFF,,,,,,,,,,,,,,,,,,,,X,,,,
364,AEROFL,131.675,ALPHA,AM,OFF,5 KHz,NO,SIMP,0.000,OFF,88.5,023,LOW1,NORM,OFF,,,,,,,,,,,,,,,,,,,,X,,,,
365,P1Z,127.200,ALPHA,AM,OFF,5 KHz,NO,SIMP,0.000,OFF,88.5,023,LOW1,NORM,OFF,,,,,,,,,,,,,,,,,,,,X,,,,
366,P2Z-SZ,122.700,ALPHA,AM,OFF,5 KHz,NO,SIMP,0.000,OFF,88.5,023,LOW1,NORM,OFF,,,,,,,,,,,,,,,,,,,,X,,,,
367,P3Y,128.000,ALPHA,AM,SKIP,5 KHz,NO,SIMP,0.000,OFF,88.5,023,LOW1,NORM,OFF,,,,,,,,,,,,,,,,,,,,X,,,,
368,P4Y,123.400,ALPHA,AM,OFF,5 KHz,NO,SIMP,0.000,OFF,88.5,023,LOW1,NORM,OFF,,,,,,,,,,,,,,,,,,,,X,,,,
369,P5Y,134.000,ALPHA,AM,SKIP,5 KHz,NO,SIMP,0.000,OFF,88.5,023,LOW1,NORM,OFF,,,,,,,,,,,,,,,,,,,,X,,,,
370,P6V-YV,125.300,ALPHA,AM,OFF,5 KHz,NO,SIMP,0.000,OFF,88.5,023,LOW1,NORM,OFF,,,,,,,,,,,,,,,,,,,,X,,,,
371,P7V,131.200,ALPHA,AM,OFF,5 KHz,NO,SIMP,0.000,OFF,88.5,023,LOW1,NORM,OFF,,,,,,,,,,,,,,,,,,,,X,,,,
372,P8V,129.800,ALPHA,AM,OFF,5 KHz,NO,SIMP,0.000,OFF,88.5,023,LOW1,NORM,OFF,,,,,,,,,,,,,,,,,,,,X,,,,
373,P9S,135.900,ALPHA,AM,OFF,5 KHz,NO,SIMP,0.000,OFF,88.5,023,LOW1,NORM,OFF,,,,,,,,,,,,,,,,,,,,X,,,,
374,010225,125.200,ALPHA,AM,OFF,5 KHz,NO,SIMP,0.000,OFF,88.5,023,LOW1,NORM,OFF,,,,,,,,,,,,,,,,,,,,X,,,,
375,055115,134.200,ALPHA,AM,OFF,5 KHz,NO,SIMP,0.000,OFF,88.5,023,LOW1,NORM,OFF,,,,,,,,,,,,,,,,,,,,X,,,,
376,055115,132.500,ALPHA,AM,OFF,5 KHz,NO,SIMP,0.000,OFF,88.5,023,LOW1,NORM,OFF,,,,,,,,,,,,,,,,,,,,X,,,,
377,115155,119.500,ALPHA,AM,OFF,5 KHz,NO,SIMP,0.000,OFF,88.5,023,LOW1,NORM,OFF,,,,,,,,,,,,,,,,,,,,X,,,,
378,115155,120.000,ALPHA,AM,SKIP,5 KHz,NO,SIMP,0.000,OFF,88.5,023,LOW1,NORM,OFF,,,,,,,,,,,,,,,,,,,,X,,,,
379,155175,134.700,ALPHA,AM,OFF,5 KHz,NO,SIMP,0.000,OFF,88.5,023,LOW1,NORM,OFF,,,,,,,,,,,,,,,,,,,,X,,,,
380,175178,124.500,ALPHA,AM,OFF,5 KHz,NO,SIMP,0.000,OFF,88.5,023,LOW1,NORM,OFF,,,,,,,,,,,,,,,,,,,,X,,,,
381,178195,122.000,ALPHA,AM,SKIP,5 KHz,NO,SIMP,0.000,OFF,88.5,023,LOW1,NORM,OFF,,,,,,,,,,,,,,,,,,,,X,,,,
382,178195,133.700,ALPHA,AM,OFF,5 KHz,NO,SIMP,0.000,OFF,88.5,023,LOW1,NORM,OFF,,,,,,,,,,,,,,,,,,,,X,,,,
383,195230,132.200,ALPHA,AM,OFF,5 KHz,NO,SIMP,0.000,OFF,88.5,023,LOW1,NORM,OFF,,,,,,,,,,,,,,,,,,,,X,,,,
384,225010,126.900,ALPHA,AM,OFF,5 KHz,NO,SIMP,0.000,OFF,88.5,023,LOW1,NORM,OFF,,,,,,,,,,,,,,,,,,,,X,,,,
385,235318,125.500,ALPHA,AM,OFF,5 KHz,NO,SIMP,0.000,OFF,88.5,023,LOW1,NORM,OFF,,,,,,,,,,,,,,,,,,,,X,,,,
386,235318,132.950,ALPHA,AM,OFF,5 KHz,NO,SIMP,0.000,OFF,88.5,023,LOW1,NORM,OFF,,,,,,,,,,,,,,,,,,,,X,,,,
387,318320,127.500,ALPHA,AM,OFF,5 KHz,NO,SIMP,0.000,OFF,88.5,023,LOW1,NORM,OFF,,,,,,,,,,,,,,,,,,,,X,,,,
388,320055,130.500,ALPHA,AM,OFF,5 KHz,NO,SIMP,0.000,OFF,88.5,023,LOW1,NORM,OFF,,,,,,,,,,,,,,,,,,,,X,,,,
389,350090,133.200,ALPHA,AM,OFF,5 KHz,NO,SIMP,0.000,OFF,88.5,023,LOW1,NORM,OFF,,,,,,,,,,,,,,,,,,,,X,,,,
390,,,,,,,,,,,,,,,,,,,,,,,,,,,,,,,,,,,,,,,
391,,,,,,,,,,,,,,,,,,,,,,,,,,,,,,,,,,,,,,,
392,  MOM,444.5375,ALPHA,NFM,OFF,5 KHz,NO,RPT-,2.410,OFF,77.0,023,HIGH,NORM,OFF,,,,,,,,,,,,,,,,,,,,,,X,,
393,M 1,475.425,ALPHA,NFM,OFF,5 KHz,NO,RPT+,5.000,OFF,77.0,023,HIGH,NORM,OFF,,,,,,,,,,,,,,,,,,,,,,X,,
394,M 2,475.400,ALPHA,NFM,OFF,5 KHz,NO,RPT+,5.000,OFF,77.0,023,HIGH,NORM,OFF,,,,,,,,,,,,,,,,,,,,,,X,,
395,M 3,475.375,ALPHA,NFM,OFF,5 KHz,NO,RPT+,5.000,OFF,77.0,023,HIGH,NORM,OFF,,,,,,,,,,,,,,,,,,,,,,X,,
396,M 4,475.350,ALPHA,NFM,OFF,5 KHz,NO,RPT+,5.000,OFF,77.0,023,HIGH,NORM,OFF,,,,,,,,,,,,,,,,,,,,,,X,,
397,M KALU,468.825,ALPHA,NFM,OFF,5 KHz,NO,SIMP,3.000,OFF,77.0,023,HIGH,NORM,OFF,,,,,,,,,,,,,,,,,,,,,,X,,
398,M KALU,468.525,ALPHA,NFM,OFF,5 KHz,NO,SIMP,3.000,OFF,77.0,023,HIGH,NORM,OFF,,,,,,,,,,,,,,,,,,,,,,X,,
399,M KOLC,468.975,ALPHA,NFM,OFF,5 KHz,NO,SIMP,3.000,OFF,77.0,023,HIGH,NORM,OFF,,,,,,,,,,,,,,,,,,,,,,X,,
400,M KOLC,468.625,ALPHA,NFM,OFF,5 KHz,NO,SIMP,3.000,OFF,77.0,023,HIGH,NORM,OFF,,,,,,,,,,,,,,,,,,,,,,X,,
401,,,,,,,,,,,,,,,,,,,,,,,,,,,,,,,,,,,,,,,
402,,,,,,,,,,,,,,,,,,,,,,,,,,,,,,,,,,,,,,,
403,,,,,,,,,,,,,,,,,,,,,,,,,,,,,,,,,,,,,,,
404,RJD 1,2.130,ALPHA,AM,OFF,5 KHz,NO,SIMP,0.000,OFF,100.0,023,HIGH,NORM,OFF,,,,,,,,,,,,,,,,,,,,,X,,,
405,RJD 2,2.150,ALPHA,AM,OFF,5 KHz,NO,SIMP,0.000,OFF,100.0,023,HIGH,NORM,OFF,,,,,,,,,,,,,,,,,,,,,X,,,
406,,,,,,,,,,,,,,,,,,,,,,,,,,,,,,,,,,,,,,,
407,R-F 01,300.000,ALPHA,NFM,OFF,12.5 KHz,NO,SIMP,0.000,OFF,77.0,023,HIGH,NORM,OFF,,,,,,,,,,,,,,,,,,,X,,,,,
408,R-F 02,300.050,ALPHA,NFM,OFF,12.5 KHz,NO,SIMP,0.000,OFF,77.0,023,HIGH,NORM,OFF,,,,,,,,,,,,,,,,,,,X,,,,,
409,R-F 03,300.100,ALPHA,NFM,OFF,12.5 KHz,NO,SIMP,0.000,OFF,77.0,023,HIGH,NORM,OFF,,,,,,,,,,,,,,,,,,,X,,,,,
410,R-F 04,300.150,ALPHA,NFM,OFF,12.5 KHz,NO,SIMP,0.000,OFF,77.0,023,HIGH,NORM,OFF,,,,,,,,,,,,,,,,,,,X,,,,,
411,R-F 05,300.200,ALPHA,NFM,OFF,12.5 KHz,NO,SIMP,0.000,OFF,77.0,023,HIGH,NORM,OFF,,,,,,,,,,,,,,,,,,,X,,,,,
412,R-F 06,300.250,ALPHA,NFM,OFF,12.5 KHz,NO,SIMP,0.000,OFF,77.0,023,HIGH,NORM,OFF,,,,,,,,,,,,,,,,,,,X,,,,,
413,R-F 07,300.300,ALPHA,NFM,OFF,12.5 KHz,NO,SIMP,0.000,OFF,77.0,023,HIGH,NORM,OFF,,,,,,,,,,,,,,,,,,,X,,,,,
414,R-F 08,300.350,ALPHA,NFM,OFF,12.5 KHz,NO,SIMP,0.000,OFF,77.0,023,HIGH,NORM,OFF,,,,,,,,,,,,,,,,,,,X,,,,,
415,R-F 09,300.400,ALPHA,NFM,OFF,12.5 KHz,NO,SIMP,0.000,OFF,77.0,023,HIGH,NORM,OFF,,,,,,,,,,,,,,,,,,,X,,,,,
416,R-F 10,300.450,ALPHA,NFM,OFF,12.5 KHz,NO,SIMP,0.000,OFF,77.0,023,HIGH,NORM,OFF,,,,,,,,,,,,,,,,,,,X,,,,,
417,,,,,,,,,,,,,,,,,,,,,,,,,,,,,,,,,,,,,,,
418,,,,,,,,,,,,,,,,,,,,,,,,,,,,,,,,,,,,,,,
419,,,,,,,,,,,,,,,,,,,,,,,,,,,,,,,,,,,,,,,
420,,,,,,,,,,,,,,,,,,,,,,,,,,,,,,,,,,,,,,,
421,,,,,,,,,,,,,,,,,,,,,,,,,,,,,,,,,,,,,,,
422,,,,,,,,,,,,,,,,,,,,,,,,,,,,,,,,,,,,,,,
423,,,,,,,,,,,,,,,,,,,,,,,,,,,,,,,,,,,,,,,
424,,,,,,,,,,,,,,,,,,,,,,,,,,,,,,,,,,,,,,,
425,,,,,,,,,,,,,,,,,,,,,,,,,,,,,,,,,,,,,,,
426,,,,,,,,,,,,,,,,,,,,,,,,,,,,,,,,,,,,,,,
427,,,,,,,,,,,,,,,,,,,,,,,,,,,,,,,,,,,,,,,
428,,,,,,,,,,,,,,,,,,,,,,,,,,,,,,,,,,,,,,,
429,SPAS 1,121.500,ALPHA,WFM,SKIP,50 KHz,NO,SIMP,0.000,OFF,88.5,023,HIGH,NORM,OFF,,,,,,,,,X,,,,,,,,,,,,,,,
430,SPAS 2,123.100,ALPHA,WFM,SKIP,50 KHz,NO,SIMP,0.000,OFF,88.5,023,HIGH,NORM,OFF,,,,,,,,,X,,,,,,,,,,,,,,,
431,SPAS R,129.000,ALPHA,WFM,SKIP,50 KHz,NO,SIMP,0.000,OFF,88.5,023,HIGH,NORM,OFF,,,,,,,,,X,,,,,,,,,,,,,,,
432,SPAS D,243.000,ALPHA,NFM,OFF,5 KHz,NO,SIMP,0.000,OFF,88.5,023,HIGH,NORM,OFF,,,,,,,,,X,,,,,,,,,,,,,,,
433,SARSAT,406.000,ALPHA,NFM,OFF,5 KHz,NO,SIMP,0.000,OFF,88.5,023,HIGH,NORM,OFF,,,,,,,,,X,,,,,,,,,,,,,,,
434,C SPAS,451.750,ALPHA,NFM,OFF,25 KHz,NO,SIMP,3.000,OFF,88.5,023,HIGH,NORM,OFF,,,,,,,,,X,,,,,,,,,,,,,,,
435,GO,144.125,ALPHA,NFM,OFF,5 KHz,NO,SIMP,0.600,OFF,88.5,023,HIGH,NORM,OFF,,,,,,,,,X,,,,,,,,,,,,,,,
436,,,,,,,,,,,,,,,,,,,,,,,,,,,,,,,,,,,,,,,
437,,,,,,,,,,,,,,,,,,,,,,,,,,,,,,,,,,,,,,,
438,,,,,,,,,,,,,,,,,,,,,,,,,,,,,,,,,,,,,,,
439,,,,,,,,,,,,,,,,,,,,,,,,,,,,,,,,,,,,,,,
440,,,,,,,,,,,,,,,,,,,,,,,,,,,,,,,,,,,,,,,
441,,,,,,,,,,,,,,,,,,,,,,,,,,,,,,,,,,,,,,,
442,,,,,,,,,,,,,,,,,,,,,,,,,,,,,,,,,,,,,,,
443,,,,,,,,,,,,,,,,,,,,,,,,,,,,,,,,,,,,,,,
444,,,,,,,,,,,,,,,,,,,,,,,,,,,,,,,,,,,,,,,
445,,,,,,,,,,,,,,,,,,,,,,,,,,,,,,,,,,,,,,,
446,,,,,,,,,,,,,,,,,,,,,,,,,,,,,,,,,,,,,,,
447,,,,,,,,,,,,,,,,,,,,,,,,,,,,,,,,,,,,,,,
448,,,,,,,,,,,,,,,,,,,,,,,,,,,,,,,,,,,,,,,
449,,,,,,,,,,,,,,,,,,,,,,,,,,,,,,,,,,,,,,,
450,,,,,,,,,,,,,,,,,,,,,,,,,,,,,,,,,,,,,,,
451,,,,,,,,,,,,,,,,,,,,,,,,,,,,,,,,,,,,,,,
452,,,,,,,,,,,,,,,,,,,,,,,,,,,,,,,,,,,,,,,
453,,,,,,,,,,,,,,,,,,,,,,,,,,,,,,,,,,,,,,,
454,,,,,,,,,,,,,,,,,,,,,,,,,,,,,,,,,,,,,,,
455,,,,,,,,,,,,,,,,,,,,,,,,,,,,,,,,,,,,,,,
456,,,,,,,,,,,,,,,,,,,,,,,,,,,,,,,,,,,,,,,
457,,,,,,,,,,,,,,,,,,,,,,,,,,,,,,,,,,,,,,,
458,,,,,,,,,,,,,,,,,,,,,,,,,,,,,,,,,,,,,,,
459,,,,,,,,,,,,,,,,,,,,,,,,,,,,,,,,,,,,,,,
460,,,,,,,,,,,,,,,,,,,,,,,,,,,,,,,,,,,,,,,
461,,,,,,,,,,,,,,,,,,,,,,,,,,,,,,,,,,,,,,,
462,,,,,,,,,,,,,,,,,,,,,,,,,,,,,,,,,,,,,,,
463,,,,,,,,,,,,,,,,,,,,,,,,,,,,,,,,,,,,,,,
464,,,,,,,,,,,,,,,,,,,,,,,,,,,,,,,,,,,,,,,
465,,,,,,,,,,,,,,,,,,,,,,,,,,,,,,,,,,,,,,,
466,,,,,,,,,,,,,,,,,,,,,,,,,,,,,,,,,,,,,,,
467,,,,,,,,,,,,,,,,,,,,,,,,,,,,,,,,,,,,,,,
468,,,,,,,,,,,,,,,,,,,,,,,,,,,,,,,,,,,,,,,
469,,,,,,,,,,,,,,,,,,,,,,,,,,,,,,,,,,,,,,,
470,,,,,,,,,,,,,,,,,,,,,,,,,,,,,,,,,,,,,,,
471,,,,,,,,,,,,,,,,,,,,,,,,,,,,,,,,,,,,,,,
472,,,,,,,,,,,,,,,,,,,,,,,,,,,,,,,,,,,,,,,
473,,,,,,,,,,,,,,,,,,,,,,,,,,,,,,,,,,,,,,,
474,,,,,,,,,,,,,,,,,,,,,,,,,,,,,,,,,,,,,,,
475,,,,,,,,,,,,,,,,,,,,,,,,,,,,,,,,,,,,,,,
476,,,,,,,,,,,,,,,,,,,,,,,,,,,,,,,,,,,,,,,
477,,,,,,,,,,,,,,,,,,,,,,,,,,,,,,,,,,,,,,,
478,,,,,,,,,,,,,,,,,,,,,,,,,,,,,,,,,,,,,,,
479,,,,,,,,,,,,,,,,,,,,,,,,,,,,,,,,,,,,,,,
480,,,,,,,,,,,,,,,,,,,,,,,,,,,,,,,,,,,,,,,
481,,,,,,,,,,,,,,,,,,,,,,,,,,,,,,,,,,,,,,,
482,,,,,,,,,,,,,,,,,,,,,,,,,,,,,,,,,,,,,,,
483,,,,,,,,,,,,,,,,,,,,,,,,,,,,,,,,,,,,,,,
484,,,,,,,,,,,,,,,,,,,,,,,,,,,,,,,,,,,,,,,
485,,,,,,,,,,,,,,,,,,,,,,,,,,,,,,,,,,,,,,,
486,,,,,,,,,,,,,,,,,,,,,,,,,,,,,,,,,,,,,,,
487,,,,,,,,,,,,,,,,,,,,,,,,,,,,,,,,,,,,,,,
488,,,,,,,,,,,,,,,,,,,,,,,,,,,,,,,,,,,,,,,
489,,,,,,,,,,,,,,,,,,,,,,,,,,,,,,,,,,,,,,,
490,,,,,,,,,,,,,,,,,,,,,,,,,,,,,,,,,,,,,,,
491,,,,,,,,,,,,,,,,,,,,,,,,,,,,,,,,,,,,,,,
492,,,,,,,,,,,,,,,,,,,,,,,,,,,,,,,,,,,,,,,
493,,,,,,,,,,,,,,,,,,,,,,,,,,,,,,,,,,,,,,,
494,,,,,,,,,,,,,,,,,,,,,,,,,,,,,,,,,,,,,,,
495,,,,,,,,,,,,,,,,,,,,,,,,,,,,,,,,,,,,,,,
496,,,,,,,,,,,,,,,,,,,,,,,,,,,,,,,,,,,,,,,
497,,,,,,,,,,,,,,,,,,,,,,,,,,,,,,,,,,,,,,,
498,,,,,,,,,,,,,,,,,,,,,,,,,,,,,,,,,,,,,,,
499,,,,,,,,,,,,,,,,,,,,,,,,,,,,,,,,,,,,,,,
500,IIS-W,121.750,ALPHA,AM,OFF,5 KHz,NO,SIMP,0.000,OFF,100.0,023,HIGH,NORM,OFF,X,,,,,,,,,,,,,,,,,,,,,,,
501,IIS-2,130.165,ALPHA,AM,OFF,5 KHz,NO,SIMP,0.000,OFF,100.0,023,HIGH,NORM,OFF,X,,,,,,,,,,,,,,,,,,,,,,,
502,IIS-3,139.210,ALPHA,NFM,OFF,5 KHz,NO,SIMP,0.000,OFF,100.0,023,HIGH,NORM,OFF,X,,,,,,,,,,,,,,,,,,,,,,,
503,IIS-M,143.625,ALPHA,NFM,OFF,5 KHz,NO,SIMP,0.000,OFF,100.0,023,HIGH,NORM,OFF,X,,,,,,,,,,,,,,,,,,,,,,,
504,,,,,,,,,,,,,,,,,,,,,,,,,,,,,,,,,,,,,,,
505,,,,,,,,,,,,,,,,,,,,,,,,,,,,,,,,,,,,,,,
506,,,,,,,,,,,,,,,,,,,,,,,,,,,,,,,,,,,,,,,
507,,,,,,,,,,,,,,,,,,,,,,,,,,,,,,,,,,,,,,,
508,,,,,,,,,,,,,,,,,,,,,,,,,,,,,,,,,,,,,,,
509,,,,,,,,,,,,,,,,,,,,,,,,,,,,,,,,,,,,,,,
510,,,,,,,,,,,,,,,,,,,,,,,,,,,,,,,,,,,,,,,
511,,,,,,,,,,,,,,,,,,,,,,,,,,,,,,,,,,,,,,,
512,,,,,,,,,,,,,,,,,,,,,,,,,,,,,,,,,,,,,,,
513,,,,,,,,,,,,,,,,,,,,,,,,,,,,,,,,,,,,,,,
514,,,,,,,,,,,,,,,,,,,,,,,,,,,,,,,,,,,,,,,
515,,,,,,,,,,,,,,,,,,,,,,,,,,,,,,,,,,,,,,,
516,,,,,,,,,,,,,,,,,,,,,,,,,,,,,,,,,,,,,,,
517,,,,,,,,,,,,,,,,,,,,,,,,,,,,,,,,,,,,,,,
518,,,,,,,,,,,,,,,,,,,,,,,,,,,,,,,,,,,,,,,
519,,,,,,,,,,,,,,,,,,,,,,,,,,,,,,,,,,,,,,,
520,,,,,,,,,,,,,,,,,,,,,,,,,,,,,,,,,,,,,,,
521,,,,,,,,,,,,,,,,,,,,,,,,,,,,,,,,,,,,,,,
522,,,,,,,,,,,,,,,,,,,,,,,,,,,,,,,,,,,,,,,
523,,,,,,,,,,,,,,,,,,,,,,,,,,,,,,,,,,,,,,,
524,,,,,,,,,,,,,,,,,,,,,,,,,,,,,,,,,,,,,,,
525,,,,,,,,,,,,,,,,,,,,,,,,,,,,,,,,,,,,,,,
526,,,,,,,,,,,,,,,,,,,,,,,,,,,,,,,,,,,,,,,
527,,,,,,,,,,,,,,,,,,,,,,,,,,,,,,,,,,,,,,,
528,,,,,,,,,,,,,,,,,,,,,,,,,,,,,,,,,,,,,,,
529,,,,,,,,,,,,,,,,,,,,,,,,,,,,,,,,,,,,,,,
530,,,,,,,,,,,,,,,,,,,,,,,,,,,,,,,,,,,,,,,
531,,,,,,,,,,,,,,,,,,,,,,,,,,,,,,,,,,,,,,,
532,,,,,,,,,,,,,,,,,,,,,,,,,,,,,,,,,,,,,,,
533,,,,,,,,,,,,,,,,,,,,,,,,,,,,,,,,,,,,,,,
534,,,,,,,,,,,,,,,,,,,,,,,,,,,,,,,,,,,,,,,
535,,,,,,,,,,,,,,,,,,,,,,,,,,,,,,,,,,,,,,,
536,,,,,,,,,,,,,,,,,,,,,,,,,,,,,,,,,,,,,,,
537,,,,,,,,,,,,,,,,,,,,,,,,,,,,,,,,,,,,,,,
538,,,,,,,,,,,,,,,,,,,,,,,,,,,,,,,,,,,,,,,
539,,,,,,,,,,,,,,,,,,,,,,,,,,,,,,,,,,,,,,,
540,,,,,,,,,,,,,,,,,,,,,,,,,,,,,,,,,,,,,,,
541,,,,,,,,,,,,,,,,,,,,,,,,,,,,,,,,,,,,,,,
542,,,,,,,,,,,,,,,,,,,,,,,,,,,,,,,,,,,,,,,
543,,,,,,,,,,,,,,,,,,,,,,,,,,,,,,,,,,,,,,,
544,,,,,,,,,,,,,,,,,,,,,,,,,,,,,,,,,,,,,,,
545,,,,,,,,,,,,,,,,,,,,,,,,,,,,,,,,,,,,,,,
546,,,,,,,,,,,,,,,,,,,,,,,,,,,,,,,,,,,,,,,
547,,,,,,,,,,,,,,,,,,,,,,,,,,,,,,,,,,,,,,,
548,,,,,,,,,,,,,,,,,,,,,,,,,,,,,,,,,,,,,,,
549,,,,,,,,,,,,,,,,,,,,,,,,,,,,,,,,,,,,,,,
550,,,,,,,,,,,,,,,,,,,,,,,,,,,,,,,,,,,,,,,
551,,,,,,,,,,,,,,,,,,,,,,,,,,,,,,,,,,,,,,,
552,,,,,,,,,,,,,,,,,,,,,,,,,,,,,,,,,,,,,,,
553,,,,,,,,,,,,,,,,,,,,,,,,,,,,,,,,,,,,,,,
554,,,,,,,,,,,,,,,,,,,,,,,,,,,,,,,,,,,,,,,
555,,,,,,,,,,,,,,,,,,,,,,,,,,,,,,,,,,,,,,,
556,,,,,,,,,,,,,,,,,,,,,,,,,,,,,,,,,,,,,,,
557,,,,,,,,,,,,,,,,,,,,,,,,,,,,,,,,,,,,,,,
558,,,,,,,,,,,,,,,,,,,,,,,,,,,,,,,,,,,,,,,
559,,,,,,,,,,,,,,,,,,,,,,,,,,,,,,,,,,,,,,,
560,,,,,,,,,,,,,,,,,,,,,,,,,,,,,,,,,,,,,,,
561,,,,,,,,,,,,,,,,,,,,,,,,,,,,,,,,,,,,,,,
562,,,,,,,,,,,,,,,,,,,,,,,,,,,,,,,,,,,,,,,
563,,,,,,,,,,,,,,,,,,,,,,,,,,,,,,,,,,,,,,,
564,,,,,,,,,,,,,,,,,,,,,,,,,,,,,,,,,,,,,,,
565,,,,,,,,,,,,,,,,,,,,,,,,,,,,,,,,,,,,,,,
566,,,,,,,,,,,,,,,,,,,,,,,,,,,,,,,,,,,,,,,
567,,,,,,,,,,,,,,,,,,,,,,,,,,,,,,,,,,,,,,,
568,,,,,,,,,,,,,,,,,,,,,,,,,,,,,,,,,,,,,,,
569,,,,,,,,,,,,,,,,,,,,,,,,,,,,,,,,,,,,,,,
570,,,,,,,,,,,,,,,,,,,,,,,,,,,,,,,,,,,,,,,
571,,,,,,,,,,,,,,,,,,,,,,,,,,,,,,,,,,,,,,,
572,,,,,,,,,,,,,,,,,,,,,,,,,,,,,,,,,,,,,,,
573,,,,,,,,,,,,,,,,,,,,,,,,,,,,,,,,,,,,,,,
574,,,,,,,,,,,,,,,,,,,,,,,,,,,,,,,,,,,,,,,
575,,,,,,,,,,,,,,,,,,,,,,,,,,,,,,,,,,,,,,,
576,,,,,,,,,,,,,,,,,,,,,,,,,,,,,,,,,,,,,,,
577,,,,,,,,,,,,,,,,,,,,,,,,,,,,,,,,,,,,,,,
578,,,,,,,,,,,,,,,,,,,,,,,,,,,,,,,,,,,,,,,
579,,,,,,,,,,,,,,,,,,,,,,,,,,,,,,,,,,,,,,,
580,,,,,,,,,,,,,,,,,,,,,,,,,,,,,,,,,,,,,,,
581,,,,,,,,,,,,,,,,,,,,,,,,,,,,,,,,,,,,,,,
582,,,,,,,,,,,,,,,,,,,,,,,,,,,,,,,,,,,,,,,
583,,,,,,,,,,,,,,,,,,,,,,,,,,,,,,,,,,,,,,,
584,,,,,,,,,,,,,,,,,,,,,,,,,,,,,,,,,,,,,,,
585,,,,,,,,,,,,,,,,,,,,,,,,,,,,,,,,,,,,,,,
586,,,,,,,,,,,,,,,,,,,,,,,,,,,,,,,,,,,,,,,
587,,,,,,,,,,,,,,,,,,,,,,,,,,,,,,,,,,,,,,,
588,,,,,,,,,,,,,,,,,,,,,,,,,,,,,,,,,,,,,,,
589,,,,,,,,,,,,,,,,,,,,,,,,,,,,,,,,,,,,,,,
590,,,,,,,,,,,,,,,,,,,,,,,,,,,,,,,,,,,,,,,
591,,,,,,,,,,,,,,,,,,,,,,,,,,,,,,,,,,,,,,,
592,,,,,,,,,,,,,,,,,,,,,,,,,,,,,,,,,,,,,,,
593,,,,,,,,,,,,,,,,,,,,,,,,,,,,,,,,,,,,,,,
594,,,,,,,,,,,,,,,,,,,,,,,,,,,,,,,,,,,,,,,
595,,,,,,,,,,,,,,,,,,,,,,,,,,,,,,,,,,,,,,,
596,,,,,,,,,,,,,,,,,,,,,,,,,,,,,,,,,,,,,,,
597,,,,,,,,,,,,,,,,,,,,,,,,,,,,,,,,,,,,,,,
598,,,,,,,,,,,,,,,,,,,,,,,,,,,,,,,,,,,,,,,
599,,,,,,,,,,,,,,,,,,,,,,,,,,,,,,,,,,,,,,,
600,,,,,,,,,,,,,,,,,,,,,,,,,,,,,,,,,,,,,,,
601,,,,,,,,,,,,,,,,,,,,,,,,,,,,,,,,,,,,,,,
602,,,,,,,,,,,,,,,,,,,,,,,,,,,,,,,,,,,,,,,
603,,,,,,,,,,,,,,,,,,,,,,,,,,,,,,,,,,,,,,,
604,,,,,,,,,,,,,,,,,,,,,,,,,,,,,,,,,,,,,,,
605,,,,,,,,,,,,,,,,,,,,,,,,,,,,,,,,,,,,,,,
606,,,,,,,,,,,,,,,,,,,,,,,,,,,,,,,,,,,,,,,
607,,,,,,,,,,,,,,,,,,,,,,,,,,,,,,,,,,,,,,,
608,,,,,,,,,,,,,,,,,,,,,,,,,,,,,,,,,,,,,,,
609,,,,,,,,,,,,,,,,,,,,,,,,,,,,,,,,,,,,,,,
610,,,,,,,,,,,,,,,,,,,,,,,,,,,,,,,,,,,,,,,
611,,,,,,,,,,,,,,,,,,,,,,,,,,,,,,,,,,,,,,,
612,,,,,,,,,,,,,,,,,,,,,,,,,,,,,,,,,,,,,,,
613,,,,,,,,,,,,,,,,,,,,,,,,,,,,,,,,,,,,,,,
614,,,,,,,,,,,,,,,,,,,,,,,,,,,,,,,,,,,,,,,
615,,,,,,,,,,,,,,,,,,,,,,,,,,,,,,,,,,,,,,,
616,,,,,,,,,,,,,,,,,,,,,,,,,,,,,,,,,,,,,,,
617,,,,,,,,,,,,,,,,,,,,,,,,,,,,,,,,,,,,,,,
618,,,,,,,,,,,,,,,,,,,,,,,,,,,,,,,,,,,,,,,
619,,,,,,,,,,,,,,,,,,,,,,,,,,,,,,,,,,,,,,,
620,,,,,,,,,,,,,,,,,,,,,,,,,,,,,,,,,,,,,,,
621,,,,,,,,,,,,,,,,,,,,,,,,,,,,,,,,,,,,,,,
622,,,,,,,,,,,,,,,,,,,,,,,,,,,,,,,,,,,,,,,
623,,,,,,,,,,,,,,,,,,,,,,,,,,,,,,,,,,,,,,,
624,,,,,,,,,,,,,,,,,,,,,,,,,,,,,,,,,,,,,,,
625,,,,,,,,,,,,,,,,,,,,,,,,,,,,,,,,,,,,,,,
626,,,,,,,,,,,,,,,,,,,,,,,,,,,,,,,,,,,,,,,
627,,,,,,,,,,,,,,,,,,,,,,,,,,,,,,,,,,,,,,,
628,,,,,,,,,,,,,,,,,,,,,,,,,,,,,,,,,,,,,,,
629,,,,,,,,,,,,,,,,,,,,,,,,,,,,,,,,,,,,,,,
630,,,,,,,,,,,,,,,,,,,,,,,,,,,,,,,,,,,,,,,
631,,,,,,,,,,,,,,,,,,,,,,,,,,,,,,,,,,,,,,,
632,,,,,,,,,,,,,,,,,,,,,,,,,,,,,,,,,,,,,,,
633,,,,,,,,,,,,,,,,,,,,,,,,,,,,,,,,,,,,,,,
634,,,,,,,,,,,,,,,,,,,,,,,,,,,,,,,,,,,,,,,
635,,,,,,,,,,,,,,,,,,,,,,,,,,,,,,,,,,,,,,,
636,,,,,,,,,,,,,,,,,,,,,,,,,,,,,,,,,,,,,,,
637,,,,,,,,,,,,,,,,,,,,,,,,,,,,,,,,,,,,,,,
638,,,,,,,,,,,,,,,,,,,,,,,,,,,,,,,,,,,,,,,
639,,,,,,,,,,,,,,,,,,,,,,,,,,,,,,,,,,,,,,,
640,,,,,,,,,,,,,,,,,,,,,,,,,,,,,,,,,,,,,,,
641,,,,,,,,,,,,,,,,,,,,,,,,,,,,,,,,,,,,,,,
642,,,,,,,,,,,,,,,,,,,,,,,,,,,,,,,,,,,,,,,
643,,,,,,,,,,,,,,,,,,,,,,,,,,,,,,,,,,,,,,,
644,,,,,,,,,,,,,,,,,,,,,,,,,,,,,,,,,,,,,,,
645,,,,,,,,,,,,,,,,,,,,,,,,,,,,,,,,,,,,,,,
646,,,,,,,,,,,,,,,,,,,,,,,,,,,,,,,,,,,,,,,
647,,,,,,,,,,,,,,,,,,,,,,,,,,,,,,,,,,,,,,,
648,,,,,,,,,,,,,,,,,,,,,,,,,,,,,,,,,,,,,,,
649,,,,,,,,,,,,,,,,,,,,,,,,,,,,,,,,,,,,,,,
650,,,,,,,,,,,,,,,,,,,,,,,,,,,,,,,,,,,,,,,
651,,,,,,,,,,,,,,,,,,,,,,,,,,,,,,,,,,,,,,,
652,,,,,,,,,,,,,,,,,,,,,,,,,,,,,,,,,,,,,,,
653,,,,,,,,,,,,,,,,,,,,,,,,,,,,,,,,,,,,,,,
654,,,,,,,,,,,,,,,,,,,,,,,,,,,,,,,,,,,,,,,
655,,,,,,,,,,,,,,,,,,,,,,,,,,,,,,,,,,,,,,,
656,,,,,,,,,,,,,,,,,,,,,,,,,,,,,,,,,,,,,,,
657,,,,,,,,,,,,,,,,,,,,,,,,,,,,,,,,,,,,,,,
658,,,,,,,,,,,,,,,,,,,,,,,,,,,,,,,,,,,,,,,
659,,,,,,,,,,,,,,,,,,,,,,,,,,,,,,,,,,,,,,,
660,,,,,,,,,,,,,,,,,,,,,,,,,,,,,,,,,,,,,,,
661,,,,,,,,,,,,,,,,,,,,,,,,,,,,,,,,,,,,,,,
662,,,,,,,,,,,,,,,,,,,,,,,,,,,,,,,,,,,,,,,
663,,,,,,,,,,,,,,,,,,,,,,,,,,,,,,,,,,,,,,,
664,,,,,,,,,,,,,,,,,,,,,,,,,,,,,,,,,,,,,,,
665,,,,,,,,,,,,,,,,,,,,,,,,,,,,,,,,,,,,,,,
666,,,,,,,,,,,,,,,,,,,,,,,,,,,,,,,,,,,,,,,
667,,,,,,,,,,,,,,,,,,,,,,,,,,,,,,,,,,,,,,,
668,,,,,,,,,,,,,,,,,,,,,,,,,,,,,,,,,,,,,,,
669,,,,,,,,,,,,,,,,,,,,,,,,,,,,,,,,,,,,,,,
670,,,,,,,,,,,,,,,,,,,,,,,,,,,,,,,,,,,,,,,
671,,,,,,,,,,,,,,,,,,,,,,,,,,,,,,,,,,,,,,,
672,,,,,,,,,,,,,,,,,,,,,,,,,,,,,,,,,,,,,,,
673,,,,,,,,,,,,,,,,,,,,,,,,,,,,,,,,,,,,,,,
674,,,,,,,,,,,,,,,,,,,,,,,,,,,,,,,,,,,,,,,
675,,,,,,,,,,,,,,,,,,,,,,,,,,,,,,,,,,,,,,,
676,,,,,,,,,,,,,,,,,,,,,,,,,,,,,,,,,,,,,,,
677,,,,,,,,,,,,,,,,,,,,,,,,,,,,,,,,,,,,,,,
678,,,,,,,,,,,,,,,,,,,,,,,,,,,,,,,,,,,,,,,
679,,,,,,,,,,,,,,,,,,,,,,,,,,,,,,,,,,,,,,,
680,,,,,,,,,,,,,,,,,,,,,,,,,,,,,,,,,,,,,,,
681,,,,,,,,,,,,,,,,,,,,,,,,,,,,,,,,,,,,,,,
682,,,,,,,,,,,,,,,,,,,,,,,,,,,,,,,,,,,,,,,
683,,,,,,,,,,,,,,,,,,,,,,,,,,,,,,,,,,,,,,,
684,,,,,,,,,,,,,,,,,,,,,,,,,,,,,,,,,,,,,,,
685,,,,,,,,,,,,,,,,,,,,,,,,,,,,,,,,,,,,,,,
686,,,,,,,,,,,,,,,,,,,,,,,,,,,,,,,,,,,,,,,
687,,,,,,,,,,,,,,,,,,,,,,,,,,,,,,,,,,,,,,,
688,,,,,,,,,,,,,,,,,,,,,,,,,,,,,,,,,,,,,,,
689,,,,,,,,,,,,,,,,,,,,,,,,,,,,,,,,,,,,,,,
690,,,,,,,,,,,,,,,,,,,,,,,,,,,,,,,,,,,,,,,
691,,,,,,,,,,,,,,,,,,,,,,,,,,,,,,,,,,,,,,,
692,,,,,,,,,,,,,,,,,,,,,,,,,,,,,,,,,,,,,,,
693,,,,,,,,,,,,,,,,,,,,,,,,,,,,,,,,,,,,,,,
694,,,,,,,,,,,,,,,,,,,,,,,,,,,,,,,,,,,,,,,
695,,,,,,,,,,,,,,,,,,,,,,,,,,,,,,,,,,,,,,,
696,,,,,,,,,,,,,,,,,,,,,,,,,,,,,,,,,,,,,,,
697,,,,,,,,,,,,,,,,,,,,,,,,,,,,,,,,,,,,,,,
698,,,,,,,,,,,,,,,,,,,,,,,,,,,,,,,,,,,,,,,
699,,,,,,,,,,,,,,,,,,,,,,,,,,,,,,,,,,,,,,,
700,,,,,,,,,,,,,,,,,,,,,,,,,,,,,,,,,,,,,,,
701,,,,,,,,,,,,,,,,,,,,,,,,,,,,,,,,,,,,,,,
702,,,,,,,,,,,,,,,,,,,,,,,,,,,,,,,,,,,,,,,
703,,,,,,,,,,,,,,,,,,,,,,,,,,,,,,,,,,,,,,,
704,,,,,,,,,,,,,,,,,,,,,,,,,,,,,,,,,,,,,,,
705,,,,,,,,,,,,,,,,,,,,,,,,,,,,,,,,,,,,,,,
706,,,,,,,,,,,,,,,,,,,,,,,,,,,,,,,,,,,,,,,
707,,,,,,,,,,,,,,,,,,,,,,,,,,,,,,,,,,,,,,,
708,,,,,,,,,,,,,,,,,,,,,,,,,,,,,,,,,,,,,,,
709,,,,,,,,,,,,,,,,,,,,,,,,,,,,,,,,,,,,,,,
710,,,,,,,,,,,,,,,,,,,,,,,,,,,,,,,,,,,,,,,
711,,,,,,,,,,,,,,,,,,,,,,,,,,,,,,,,,,,,,,,
712,,,,,,,,,,,,,,,,,,,,,,,,,,,,,,,,,,,,,,,
713,,,,,,,,,,,,,,,,,,,,,,,,,,,,,,,,,,,,,,,
714,,,,,,,,,,,,,,,,,,,,,,,,,,,,,,,,,,,,,,,
715,,,,,,,,,,,,,,,,,,,,,,,,,,,,,,,,,,,,,,,
716,,,,,,,,,,,,,,,,,,,,,,,,,,,,,,,,,,,,,,,
717,,,,,,,,,,,,,,,,,,,,,,,,,,,,,,,,,,,,,,,
718,,,,,,,,,,,,,,,,,,,,,,,,,,,,,,,,,,,,,,,
719,,,,,,,,,,,,,,,,,,,,,,,,,,,,,,,,,,,,,,,
720,,,,,,,,,,,,,,,,,,,,,,,,,,,,,,,,,,,,,,,
721,,,,,,,,,,,,,,,,,,,,,,,,,,,,,,,,,,,,,,,
722,,,,,,,,,,,,,,,,,,,,,,,,,,,,,,,,,,,,,,,
723,,,,,,,,,,,,,,,,,,,,,,,,,,,,,,,,,,,,,,,
724,,,,,,,,,,,,,,,,,,,,,,,,,,,,,,,,,,,,,,,
725,,,,,,,,,,,,,,,,,,,,,,,,,,,,,,,,,,,,,,,
726,,,,,,,,,,,,,,,,,,,,,,,,,,,,,,,,,,,,,,,
727,,,,,,,,,,,,,,,,,,,,,,,,,,,,,,,,,,,,,,,
728,,,,,,,,,,,,,,,,,,,,,,,,,,,,,,,,,,,,,,,
729,,,,,,,,,,,,,,,,,,,,,,,,,,,,,,,,,,,,,,,
730,,,,,,,,,,,,,,,,,,,,,,,,,,,,,,,,,,,,,,,
731,,,,,,,,,,,,,,,,,,,,,,,,,,,,,,,,,,,,,,,
732,,,,,,,,,,,,,,,,,,,,,,,,,,,,,,,,,,,,,,,
733,,,,,,,,,,,,,,,,,,,,,,,,,,,,,,,,,,,,,,,
734,,,,,,,,,,,,,,,,,,,,,,,,,,,,,,,,,,,,,,,
735,,,,,,,,,,,,,,,,,,,,,,,,,,,,,,,,,,,,,,,
736,,,,,,,,,,,,,,,,,,,,,,,,,,,,,,,,,,,,,,,
737,,,,,,,,,,,,,,,,,,,,,,,,,,,,,,,,,,,,,,,
738,,,,,,,,,,,,,,,,,,,,,,,,,,,,,,,,,,,,,,,
739,,,,,,,,,,,,,,,,,,,,,,,,,,,,,,,,,,,,,,,
740,,,,,,,,,,,,,,,,,,,,,,,,,,,,,,,,,,,,,,,
741,,,,,,,,,,,,,,,,,,,,,,,,,,,,,,,,,,,,,,,
742,,,,,,,,,,,,,,,,,,,,,,,,,,,,,,,,,,,,,,,
743,,,,,,,,,,,,,,,,,,,,,,,,,,,,,,,,,,,,,,,
744,,,,,,,,,,,,,,,,,,,,,,,,,,,,,,,,,,,,,,,
745,,,,,,,,,,,,,,,,,,,,,,,,,,,,,,,,,,,,,,,
746,,,,,,,,,,,,,,,,,,,,,,,,,,,,,,,,,,,,,,,
747,,,,,,,,,,,,,,,,,,,,,,,,,,,,,,,,,,,,,,,
748,,,,,,,,,,,,,,,,,,,,,,,,,,,,,,,,,,,,,,,
749,,,,,,,,,,,,,,,,,,,,,,,,,,,,,,,,,,,,,,,
750,,,,,,,,,,,,,,,,,,,,,,,,,,,,,,,,,,,,,,,
751,,,,,,,,,,,,,,,,,,,,,,,,,,,,,,,,,,,,,,,
752,,,,,,,,,,,,,,,,,,,,,,,,,,,,,,,,,,,,,,,
753,,,,,,,,,,,,,,,,,,,,,,,,,,,,,,,,,,,,,,,
754,,,,,,,,,,,,,,,,,,,,,,,,,,,,,,,,,,,,,,,
755,,,,,,,,,,,,,,,,,,,,,,,,,,,,,,,,,,,,,,,
756,,,,,,,,,,,,,,,,,,,,,,,,,,,,,,,,,,,,,,,
757,,,,,,,,,,,,,,,,,,,,,,,,,,,,,,,,,,,,,,,
758,,,,,,,,,,,,,,,,,,,,,,,,,,,,,,,,,,,,,,,
759,,,,,,,,,,,,,,,,,,,,,,,,,,,,,,,,,,,,,,,
760,,,,,,,,,,,,,,,,,,,,,,,,,,,,,,,,,,,,,,,
761,,,,,,,,,,,,,,,,,,,,,,,,,,,,,,,,,,,,,,,
762,,,,,,,,,,,,,,,,,,,,,,,,,,,,,,,,,,,,,,,
763,,,,,,,,,,,,,,,,,,,,,,,,,,,,,,,,,,,,,,,
764,,,,,,,,,,,,,,,,,,,,,,,,,,,,,,,,,,,,,,,
765,,,,,,,,,,,,,,,,,,,,,,,,,,,,,,,,,,,,,,,
766,,,,,,,,,,,,,,,,,,,,,,,,,,,,,,,,,,,,,,,
767,,,,,,,,,,,,,,,,,,,,,,,,,,,,,,,,,,,,,,,
768,,,,,,,,,,,,,,,,,,,,,,,,,,,,,,,,,,,,,,,
769,,,,,,,,,,,,,,,,,,,,,,,,,,,,,,,,,,,,,,,
770,,,,,,,,,,,,,,,,,,,,,,,,,,,,,,,,,,,,,,,
771,,,,,,,,,,,,,,,,,,,,,,,,,,,,,,,,,,,,,,,
772,,,,,,,,,,,,,,,,,,,,,,,,,,,,,,,,,,,,,,,
773,,,,,,,,,,,,,,,,,,,,,,,,,,,,,,,,,,,,,,,
774,,,,,,,,,,,,,,,,,,,,,,,,,,,,,,,,,,,,,,,
775,,,,,,,,,,,,,,,,,,,,,,,,,,,,,,,,,,,,,,,
776,,,,,,,,,,,,,,,,,,,,,,,,,,,,,,,,,,,,,,,
777,,,,,,,,,,,,,,,,,,,,,,,,,,,,,,,,,,,,,,,
778,,,,,,,,,,,,,,,,,,,,,,,,,,,,,,,,,,,,,,,
779,,,,,,,,,,,,,,,,,,,,,,,,,,,,,,,,,,,,,,,
780,,,,,,,,,,,,,,,,,,,,,,,,,,,,,,,,,,,,,,,
781,,,,,,,,,,,,,,,,,,,,,,,,,,,,,,,,,,,,,,,
782,,,,,,,,,,,,,,,,,,,,,,,,,,,,,,,,,,,,,,,
783,,,,,,,,,,,,,,,,,,,,,,,,,,,,,,,,,,,,,,,
784,,,,,,,,,,,,,,,,,,,,,,,,,,,,,,,,,,,,,,,
785,,,,,,,,,,,,,,,,,,,,,,,,,,,,,,,,,,,,,,,
786,,,,,,,,,,,,,,,,,,,,,,,,,,,,,,,,,,,,,,,
787,,,,,,,,,,,,,,,,,,,,,,,,,,,,,,,,,,,,,,,
788,,,,,,,,,,,,,,,,,,,,,,,,,,,,,,,,,,,,,,,
789,,,,,,,,,,,,,,,,,,,,,,,,,,,,,,,,,,,,,,,
790,,,,,,,,,,,,,,,,,,,,,,,,,,,,,,,,,,,,,,,
791,,,,,,,,,,,,,,,,,,,,,,,,,,,,,,,,,,,,,,,
792,,,,,,,,,,,,,,,,,,,,,,,,,,,,,,,,,,,,,,,
793,,,,,,,,,,,,,,,,,,,,,,,,,,,,,,,,,,,,,,,
794,,,,,,,,,,,,,,,,,,,,,,,,,,,,,,,,,,,,,,,
795,,,,,,,,,,,,,,,,,,,,,,,,,,,,,,,,,,,,,,,
796,,,,,,,,,,,,,,,,,,,,,,,,,,,,,,,,,,,,,,,
797,,,,,,,,,,,,,,,,,,,,,,,,,,,,,,,,,,,,,,,
798,,,,,,,,,,,,,,,,,,,,,,,,,,,,,,,,,,,,,,,
799,,,,,,,,,,,,,,,,,,,,,,,,,,,,,,,,,,,,,,,
800,,,,,,,,,,,,,,,,,,,,,,,,,,,,,,,,,,,,,,,
801,,,,,,,,,,,,,,,,,,,,,,,,,,,,,,,,,,,,,,,
802,,,,,,,,,,,,,,,,,,,,,,,,,,,,,,,,,,,,,,,
803,,,,,,,,,,,,,,,,,,,,,,,,,,,,,,,,,,,,,,,
804,,,,,,,,,,,,,,,,,,,,,,,,,,,,,,,,,,,,,,,
805,,,,,,,,,,,,,,,,,,,,,,,,,,,,,,,,,,,,,,,
806,,,,,,,,,,,,,,,,,,,,,,,,,,,,,,,,,,,,,,,
807,,,,,,,,,,,,,,,,,,,,,,,,,,,,,,,,,,,,,,,
808,,,,,,,,,,,,,,,,,,,,,,,,,,,,,,,,,,,,,,,
809,,,,,,,,,,,,,,,,,,,,,,,,,,,,,,,,,,,,,,,
810,,,,,,,,,,,,,,,,,,,,,,,,,,,,,,,,,,,,,,,
811,,,,,,,,,,,,,,,,,,,,,,,,,,,,,,,,,,,,,,,
812,,,,,,,,,,,,,,,,,,,,,,,,,,,,,,,,,,,,,,,
813,,,,,,,,,,,,,,,,,,,,,,,,,,,,,,,,,,,,,,,
814,,,,,,,,,,,,,,,,,,,,,,,,,,,,,,,,,,,,,,,
815,,,,,,,,,,,,,,,,,,,,,,,,,,,,,,,,,,,,,,,
816,,,,,,,,,,,,,,,,,,,,,,,,,,,,,,,,,,,,,,,
817,,,,,,,,,,,,,,,,,,,,,,,,,,,,,,,,,,,,,,,
818,,,,,,,,,,,,,,,,,,,,,,,,,,,,,,,,,,,,,,,
819,,,,,,,,,,,,,,,,,,,,,,,,,,,,,,,,,,,,,,,
820,,,,,,,,,,,,,,,,,,,,,,,,,,,,,,,,,,,,,,,
821,,,,,,,,,,,,,,,,,,,,,,,,,,,,,,,,,,,,,,,
822,,,,,,,,,,,,,,,,,,,,,,,,,,,,,,,,,,,,,,,
823,,,,,,,,,,,,,,,,,,,,,,,,,,,,,,,,,,,,,,,
824,,,,,,,,,,,,,,,,,,,,,,,,,,,,,,,,,,,,,,,
825,,,,,,,,,,,,,,,,,,,,,,,,,,,,,,,,,,,,,,,
826,,,,,,,,,,,,,,,,,,,,,,,,,,,,,,,,,,,,,,,
827,,,,,,,,,,,,,,,,,,,,,,,,,,,,,,,,,,,,,,,
828,,,,,,,,,,,,,,,,,,,,,,,,,,,,,,,,,,,,,,,
829,,,,,,,,,,,,,,,,,,,,,,,,,,,,,,,,,,,,,,,
830,,,,,,,,,,,,,,,,,,,,,,,,,,,,,,,,,,,,,,,
831,,,,,,,,,,,,,,,,,,,,,,,,,,,,,,,,,,,,,,,
832,,,,,,,,,,,,,,,,,,,,,,,,,,,,,,,,,,,,,,,
833,,,,,,,,,,,,,,,,,,,,,,,,,,,,,,,,,,,,,,,
834,,,,,,,,,,,,,,,,,,,,,,,,,,,,,,,,,,,,,,,
835,,,,,,,,,,,,,,,,,,,,,,,,,,,,,,,,,,,,,,,
836,,,,,,,,,,,,,,,,,,,,,,,,,,,,,,,,,,,,,,,
837,,,,,,,,,,,,,,,,,,,,,,,,,,,,,,,,,,,,,,,
838,,,,,,,,,,,,,,,,,,,,,,,,,,,,,,,,,,,,,,,
839,,,,,,,,,,,,,,,,,,,,,,,,,,,,,,,,,,,,,,,
840,,,,,,,,,,,,,,,,,,,,,,,,,,,,,,,,,,,,,,,
841,,,,,,,,,,,,,,,,,,,,,,,,,,,,,,,,,,,,,,,
842,,,,,,,,,,,,,,,,,,,,,,,,,,,,,,,,,,,,,,,
843,,,,,,,,,,,,,,,,,,,,,,,,,,,,,,,,,,,,,,,
844,,,,,,,,,,,,,,,,,,,,,,,,,,,,,,,,,,,,,,,
845,,,,,,,,,,,,,,,,,,,,,,,,,,,,,,,,,,,,,,,
846,,,,,,,,,,,,,,,,,,,,,,,,,,,,,,,,,,,,,,,
847,,,,,,,,,,,,,,,,,,,,,,,,,,,,,,,,,,,,,,,
848,,,,,,,,,,,,,,,,,,,,,,,,,,,,,,,,,,,,,,,
849,,,,,,,,,,,,,,,,,,,,,,,,,,,,,,,,,,,,,,,
850,,,,,,,,,,,,,,,,,,,,,,,,,,,,,,,,,,,,,,,
851,,,,,,,,,,,,,,,,,,,,,,,,,,,,,,,,,,,,,,,
852,,,,,,,,,,,,,,,,,,,,,,,,,,,,,,,,,,,,,,,
853,,,,,,,,,,,,,,,,,,,,,,,,,,,,,,,,,,,,,,,
854,,,,,,,,,,,,,,,,,,,,,,,,,,,,,,,,,,,,,,,
855,,,,,,,,,,,,,,,,,,,,,,,,,,,,,,,,,,,,,,,
856,,,,,,,,,,,,,,,,,,,,,,,,,,,,,,,,,,,,,,,
857,,,,,,,,,,,,,,,,,,,,,,,,,,,,,,,,,,,,,,,
858,,,,,,,,,,,,,,,,,,,,,,,,,,,,,,,,,,,,,,,
859,,,,,,,,,,,,,,,,,,,,,,,,,,,,,,,,,,,,,,,
860,,,,,,,,,,,,,,,,,,,,,,,,,,,,,,,,,,,,,,,
861,,,,,,,,,,,,,,,,,,,,,,,,,,,,,,,,,,,,,,,
862,,,,,,,,,,,,,,,,,,,,,,,,,,,,,,,,,,,,,,,
863,,,,,,,,,,,,,,,,,,,,,,,,,,,,,,,,,,,,,,,
864,,,,,,,,,,,,,,,,,,,,,,,,,,,,,,,,,,,,,,,
865,,,,,,,,,,,,,,,,,,,,,,,,,,,,,,,,,,,,,,,
866,,,,,,,,,,,,,,,,,,,,,,,,,,,,,,,,,,,,,,,
867,,,,,,,,,,,,,,,,,,,,,,,,,,,,,,,,,,,,,,,
868,,,,,,,,,,,,,,,,,,,,,,,,,,,,,,,,,,,,,,,
869,,,,,,,,,,,,,,,,,,,,,,,,,,,,,,,,,,,,,,,
870,,,,,,,,,,,,,,,,,,,,,,,,,,,,,,,,,,,,,,,
871,,,,,,,,,,,,,,,,,,,,,,,,,,,,,,,,,,,,,,,
872,,,,,,,,,,,,,,,,,,,,,,,,,,,,,,,,,,,,,,,
873,,,,,,,,,,,,,,,,,,,,,,,,,,,,,,,,,,,,,,,
874,,,,,,,,,,,,,,,,,,,,,,,,,,,,,,,,,,,,,,,
875,,,,,,,,,,,,,,,,,,,,,,,,,,,,,,,,,,,,,,,
876,,,,,,,,,,,,,,,,,,,,,,,,,,,,,,,,,,,,,,,
877,,,,,,,,,,,,,,,,,,,,,,,,,,,,,,,,,,,,,,,
878,,,,,,,,,,,,,,,,,,,,,,,,,,,,,,,,,,,,,,,
879,,,,,,,,,,,,,,,,,,,,,,,,,,,,,,,,,,,,,,,
880,,,,,,,,,,,,,,,,,,,,,,,,,,,,,,,,,,,,,,,
881,,,,,,,,,,,,,,,,,,,,,,,,,,,,,,,,,,,,,,,
882,,,,,,,,,,,,,,,,,,,,,,,,,,,,,,,,,,,,,,,
883,,,,,,,,,,,,,,,,,,,,,,,,,,,,,,,,,,,,,,,
884,,,,,,,,,,,,,,,,,,,,,,,,,,,,,,,,,,,,,,,
885,,,,,,,,,,,,,,,,,,,,,,,,,,,,,,,,,,,,,,,
886,,,,,,,,,,,,,,,,,,,,,,,,,,,,,,,,,,,,,,,
887,,,,,,,,,,,,,,,,,,,,,,,,,,,,,,,,,,,,,,,
888,,,,,,,,,,,,,,,,,,,,,,,,,,,,,,,,,,,,,,,
889,,,,,,,,,,,,,,,,,,,,,,,,,,,,,,,,,,,,,,,
890,,,,,,,,,,,,,,,,,,,,,,,,,,,,,,,,,,,,,,,
891,,,,,,,,,,,,,,,,,,,,,,,,,,,,,,,,,,,,,,,
892,,,,,,,,,,,,,,,,,,,,,,,,,,,,,,,,,,,,,,,
893,,,,,,,,,,,,,,,,,,,,,,,,,,,,,,,,,,,,,,,
894,,,,,,,,,,,,,,,,,,,,,,,,,,,,,,,,,,,,,,,
895,,,,,,,,,,,,,,,,,,,,,,,,,,,,,,,,,,,,,,,
896,,,,,,,,,,,,,,,,,,,,,,,,,,,,,,,,,,,,,,,
897,,,,,,,,,,,,,,,,,,,,,,,,,,,,,,,,,,,,,,,
898,,,,,,,,,,,,,,,,,,,,,,,,,,,,,,,,,,,,,,,
899,,,,,,,,,,,,,,,,,,,,,,,,,,,,,,,,,,,,,,,
900,,,,,,,,,,,,,,,,,,,,,,,,,,,,,,,,,,,,,,,
901,,,,,,,,,,,,,,,,,,,,,,,,,,,,,,,,,,,,,,,
902,,,,,,,,,,,,,,,,,,,,,,,,,,,,,,,,,,,,,,,
903,,,,,,,,,,,,,,,,,,,,,,,,,,,,,,,,,,,,,,,
904,,,,,,,,,,,,,,,,,,,,,,,,,,,,,,,,,,,,,,,
905,,,,,,,,,,,,,,,,,,,,,,,,,,,,,,,,,,,,,,,
906,,,,,,,,,,,,,,,,,,,,,,,,,,,,,,,,,,,,,,,
907,,,,,,,,,,,,,,,,,,,,,,,,,,,,,,,,,,,,,,,
908,,,,,,,,,,,,,,,,,,,,,,,,,,,,,,,,,,,,,,,
909,,,,,,,,,,,,,,,,,,,,,,,,,,,,,,,,,,,,,,,
910,,,,,,,,,,,,,,,,,,,,,,,,,,,,,,,,,,,,,,,
911,,,,,,,,,,,,,,,,,,,,,,,,,,,,,,,,,,,,,,,
912,,,,,,,,,,,,,,,,,,,,,,,,,,,,,,,,,,,,,,,
913,,,,,,,,,,,,,,,,,,,,,,,,,,,,,,,,,,,,,,,
914,,,,,,,,,,,,,,,,,,,,,,,,,,,,,,,,,,,,,,,
915,,,,,,,,,,,,,,,,,,,,,,,,,,,,,,,,,,,,,,,
916,,,,,,,,,,,,,,,,,,,,,,,,,,,,,,,,,,,,,,,
917,,,,,,,,,,,,,,,,,,,,,,,,,,,,,,,,,,,,,,,
918,,,,,,,,,,,,,,,,,,,,,,,,,,,,,,,,,,,,,,,
919,,,,,,,,,,,,,,,,,,,,,,,,,,,,,,,,,,,,,,,
920,,,,,,,,,,,,,,,,,,,,,,,,,,,,,,,,,,,,,,,
921,,,,,,,,,,,,,,,,,,,,,,,,,,,,,,,,,,,,,,,
922,,,,,,,,,,,,,,,,,,,,,,,,,,,,,,,,,,,,,,,
923,,,,,,,,,,,,,,,,,,,,,,,,,,,,,,,,,,,,,,,
924,,,,,,,,,,,,,,,,,,,,,,,,,,,,,,,,,,,,,,,
925,,,,,,,,,,,,,,,,,,,,,,,,,,,,,,,,,,,,,,,
926,,,,,,,,,,,,,,,,,,,,,,,,,,,,,,,,,,,,,,,
927,,,,,,,,,,,,,,,,,,,,,,,,,,,,,,,,,,,,,,,
928,,,,,,,,,,,,,,,,,,,,,,,,,,,,,,,,,,,,,,,
929,,,,,,,,,,,,,,,,,,,,,,,,,,,,,,,,,,,,,,,
930,,,,,,,,,,,,,,,,,,,,,,,,,,,,,,,,,,,,,,,
931,,,,,,,,,,,,,,,,,,,,,,,,,,,,,,,,,,,,,,,
932,,,,,,,,,,,,,,,,,,,,,,,,,,,,,,,,,,,,,,,
933,,,,,,,,,,,,,,,,,,,,,,,,,,,,,,,,,,,,,,,
934,,,,,,,,,,,,,,,,,,,,,,,,,,,,,,,,,,,,,,,
935,,,,,,,,,,,,,,,,,,,,,,,,,,,,,,,,,,,,,,,
936,,,,,,,,,,,,,,,,,,,,,,,,,,,,,,,,,,,,,,,
937,,,,,,,,,,,,,,,,,,,,,,,,,,,,,,,,,,,,,,,
938,,,,,,,,,,,,,,,,,,,,,,,,,,,,,,,,,,,,,,,
939,,,,,,,,,,,,,,,,,,,,,,,,,,,,,,,,,,,,,,,
940,,,,,,,,,,,,,,,,,,,,,,,,,,,,,,,,,,,,,,,
941,,,,,,,,,,,,,,,,,,,,,,,,,,,,,,,,,,,,,,,
942,,,,,,,,,,,,,,,,,,,,,,,,,,,,,,,,,,,,,,,
943,,,,,,,,,,,,,,,,,,,,,,,,,,,,,,,,,,,,,,,
944,,,,,,,,,,,,,,,,,,,,,,,,,,,,,,,,,,,,,,,
945,,,,,,,,,,,,,,,,,,,,,,,,,,,,,,,,,,,,,,,
946,,,,,,,,,,,,,,,,,,,,,,,,,,,,,,,,,,,,,,,
947,,,,,,,,,,,,,,,,,,,,,,,,,,,,,,,,,,,,,,,
948,,,,,,,,,,,,,,,,,,,,,,,,,,,,,,,,,,,,,,,
949,,,,,,,,,,,,,,,,,,,,,,,,,,,,,,,,,,,,,,,
950,,,,,,,,,,,,,,,,,,,,,,,,,,,,,,,,,,,,,,,
951,,,,,,,,,,,,,,,,,,,,,,,,,,,,,,,,,,,,,,,
952,,,,,,,,,,,,,,,,,,,,,,,,,,,,,,,,,,,,,,,
953,,,,,,,,,,,,,,,,,,,,,,,,,,,,,,,,,,,,,,,
954,,,,,,,,,,,,,,,,,,,,,,,,,,,,,,,,,,,,,,,
955,,,,,,,,,,,,,,,,,,,,,,,,,,,,,,,,,,,,,,,
956,,,,,,,,,,,,,,,,,,,,,,,,,,,,,,,,,,,,,,,
957,,,,,,,,,,,,,,,,,,,,,,,,,,,,,,,,,,,,,,,
958,,,,,,,,,,,,,,,,,,,,,,,,,,,,,,,,,,,,,,,
959,,,,,,,,,,,,,,,,,,,,,,,,,,,,,,,,,,,,,,,
960,,,,,,,,,,,,,,,,,,,,,,,,,,,,,,,,,,,,,,,
961,,,,,,,,,,,,,,,,,,,,,,,,,,,,,,,,,,,,,,,
962,,,,,,,,,,,,,,,,,,,,,,,,,,,,,,,,,,,,,,,
963,,,,,,,,,,,,,,,,,,,,,,,,,,,,,,,,,,,,,,,
964,,,,,,,,,,,,,,,,,,,,,,,,,,,,,,,,,,,,,,,
965,,,,,,,,,,,,,,,,,,,,,,,,,,,,,,,,,,,,,,,
966,,,,,,,,,,,,,,,,,,,,,,,,,,,,,,,,,,,,,,,
967,,,,,,,,,,,,,,,,,,,,,,,,,,,,,,,,,,,,,,,
968,,,,,,,,,,,,,,,,,,,,,,,,,,,,,,,,,,,,,,,
969,,,,,,,,,,,,,,,,,,,,,,,,,,,,,,,,,,,,,,,
970,,,,,,,,,,,,,,,,,,,,,,,,,,,,,,,,,,,,,,,
971,,,,,,,,,,,,,,,,,,,,,,,,,,,,,,,,,,,,,,,
972,,,,,,,,,,,,,,,,,,,,,,,,,,,,,,,,,,,,,,,
973,,,,,,,,,,,,,,,,,,,,,,,,,,,,,,,,,,,,,,,
974,,,,,,,,,,,,,,,,,,,,,,,,,,,,,,,,,,,,,,,
975,,,,,,,,,,,,,,,,,,,,,,,,,,,,,,,,,,,,,,,
976,,,,,,,,,,,,,,,,,,,,,,,,,,,,,,,,,,,,,,,
977,,,,,,,,,,,,,,,,,,,,,,,,,,,,,,,,,,,,,,,
978,,,,,,,,,,,,,,,,,,,,,,,,,,,,,,,,,,,,,,,
979,,,,,,,,,,,,,,,,,,,,,,,,,,,,,,,,,,,,,,,
980,,,,,,,,,,,,,,,,,,,,,,,,,,,,,,,,,,,,,,,
981,,,,,,,,,,,,,,,,,,,,,,,,,,,,,,,,,,,,,,,
982,,,,,,,,,,,,,,,,,,,,,,,,,,,,,,,,,,,,,,,
983,,,,,,,,,,,,,,,,,,,,,,,,,,,,,,,,,,,,,,,
984,,,,,,,,,,,,,,,,,,,,,,,,,,,,,,,,,,,,,,,
985,,,,,,,,,,,,,,,,,,,,,,,,,,,,,,,,,,,,,,,
986,,,,,,,,,,,,,,,,,,,,,,,,,,,,,,,,,,,,,,,
987,,,,,,,,,,,,,,,,,,,,,,,,,,,,,,,,,,,,,,,
988,,,,,,,,,,,,,,,,,,,,,,,,,,,,,,,,,,,,,,,
989,,,,,,,,,,,,,,,,,,,,,,,,,,,,,,,,,,,,,,,
990,,,,,,,,,,,,,,,,,,,,,,,,,,,,,,,,,,,,,,,
991,,,,,,,,,,,,,,,,,,,,,,,,,,,,,,,,,,,,,,,
992,,,,,,,,,,,,,,,,,,,,,,,,,,,,,,,,,,,,,,,
993,,,,,,,,,,,,,,,,,,,,,,,,,,,,,,,,,,,,,,,
994,,,,,,,,,,,,,,,,,,,,,,,,,,,,,,,,,,,,,,,
995,,,,,,,,,,,,,,,,,,,,,,,,,,,,,,,,,,,,,,,
996,,,,,,,,,,,,,,,,,,,,,,,,,,,,,,,,,,,,,,,
997,,,,,,,,,,,,,,,,,,,,,,,,,,,,,,,,,,,,,,,
998,,,,,,,,,,,,,,,,,,,,,,,,,,,,,,,,,,,,,,,
999,,,,,,,,,,,,,,,,,,,,,,,,,,,,,,,,,,,,,,,
EAI,,,,,,,,,,,,,,,,,,,,,,,,,,,,,,,,,,,,,,,
L01,,,,,,,,,,,,,,,
U01,,,,,,,,,,,,,,,
L02,,,,,,,,,,,,,,,
U02,,,,,,,,,,,,,,,
L03,,,,,,,,,,,,,,,
U03,,,,,,,,,,,,,,,
L04,,,,,,,,,,,,,,,
U04,,,,,,,,,,,,,,,
L05,,,,,,,,,,,,,,,
U05,,,,,,,,,,,,,,,
L06,,,,,,,,,,,,,,,
U06,,,,,,,,,,,,,,,
L07,,,,,,,,,,,,,,,
U07,,,,,,,,,,,,,,,
L08,,,,,,,,,,,,,,,
U08,,,,,,,,,,,,,,,
L09,,,,,,,,,,,,,,,
U09,,,,,,,,,,,,,,,
L10,,,,,,,,,,,,,,,
U10,,,,,,,,,,,,,,,
L11,,,,,,,,,,,,,,,
U11,,,,,,,,,,,,,,,
L12,,,,,,,,,,,,,,,
U12,,,,,,,,,,,,,,,
L13,,,,,,,,,,,,,,,
U13,,,,,,,,,,,,,,,
L14,,,,,,,,,,,,,,,
U14,,,,,,,,,,,,,,,
L15,,,,,,,,,,,,,,,
U15,,,,,,,,,,,,,,,
L16,,,,,,,,,,,,,,,
U16,,,,,,,,,,,,,,,
L17,,,,,,,,,,,,,,,
U17,,,,,,,,,,,,,,,
L18,,,,,,,,,,,,,,,
U18,,,,,,,,,,,,,,,
L19,,,,,,,,,,,,,,,
U19,,,,,,,,,,,,,,,
L20,,,,,,,,,,,,,,,
U20,,,,,,,,,,,,,,,
L21,,,,,,,,,,,,,,,
U21,,,,,,,,,,,,,,,
L22,,,,,,,,,,,,,,,
U22,,,,,,,,,,,,,,,
L23,,,,,,,,,,,,,,,
U23,,,,,,,,,,,,,,,
L24,,,,,,,,,,,,,,,
U24,,,,,,,,,,,,,,,
L25,,,,,,,,,,,,,,,
U25,,,,,,,,,,,,,,,
L26,,,,,,,,,,,,,,,
U26,,,,,,,,,,,,,,,
L27,,,,,,,,,,,,,,,
U27,,,,,,,,,,,,,,,
L28,,,,,,,,,,,,,,,
U28,,,,,,,,,,,,,,,
L29,,,,,,,,,,,,,,,
U29,,,,,,,,,,,,,,,
L30,,,,,,,,,,,,,,,
U30,,,,,,,,,,,,,,,
L31,,,,,,,,,,,,,,,
U31,,,,,,,,,,,,,,,
L32,,,,,,,,,,,,,,,
U32,,,,,,,,,,,,,,,
L33,,,,,,,,,,,,,,,
U33,,,,,,,,,,,,,,,
L34,,,,,,,,,,,,,,,
U34,,,,,,,,,,,,,,,
L35,,,,,,,,,,,,,,,
U35,,,,,,,,,,,,,,,
L36,,,,,,,,,,,,,,,
U36,,,,,,,,,,,,,,,
L37,,,,,,,,,,,,,,,
U37,,,,,,,,,,,,,,,
L38,,,,,,,,,,,,,,,
U38,,,,,,,,,,,,,,,
L39,,,,,,,,,,,,,,,
U39,,,,,,,,,,,,,,,
L40,,,,,,,,,,,,,,,
U40,,,,,,,,,,,,,,,
L41,,,,,,,,,,,,,,,
U41,,,,,,,,,,,,,,,
L42,,,,,,,,,,,,,,,
U42,,,,,,,,,,,,,,,
L43,,,,,,,,,,,,,,,
U43,,,,,,,,,,,,,,,
L44,,,,,,,,,,,,,,,
U44,,,,,,,,,,,,,,,
L45,,,,,,,,,,,,,,,
U45,,,,,,,,,,,,,,,
L46,,,,,,,,,,,,,,,
U46,,,,,,,,,,,,,,,
L47,,,,,,,,,,,,,,,
U47,,,,,,,,,,,,,,,
L48,,,,,,,,,,,,,,,
U48,,,,,,,,,,,,,,,
L49,,,,,,,,,,,,,,,
U49,,,,,,,,,,,,,,,
L50,,,,,,,,,,,,,,,
U50,,,,,,,,,,,,,,,
Home 1,N/A,0.540,ALPHA,AM,N/A,10 KHz,N/A,SIMP,0.000,OFF,100.0,023,HIGH,NORM,OFF
Home 2,N/A,1.800,ALPHA,AM,N/A,5 KHz,N/A,SIMP,0.000,OFF,100.0,023,HIGH,NORM,OFF
Home 3,N/A,30.000,ALPHA,AM,N/A,5 KHz,N/A,SIMP,0.000,OFF,100.0,023,HIGH,NORM,OFF
Home 4,N/A,59.000,ALPHA,AM,N/A,5 KHz,N/A,SIMP,0.000,OFF,100.0,023,HIGH,NORM,OFF
Home 5,N/A,108.000,ALPHA,AM,N/A,25 KHz,N/A,SIMP,0.000,OFF,100.0,023,HIGH,NORM,OFF
Home 6,N/A,146.520,ALPHA,NFM,N/A,5 KHz,N/A,SIMP,0.600,OFF,100.0,023,HIGH,NORM,OFF
Home 7,N/A,174.000,ALPHA,WFM,N/A,50 KHz,N/A,SIMP,0.000,OFF,100.0,023,HIGH,NORM,OFF
Home 8,N/A,222.000,ALPHA,NFM,N/A,20 KHz,N/A,SIMP,0.000,OFF,100.0,023,HIGH,NORM,OFF
Home 9,N/A,446.000,ALPHA,NFM,N/A,25 KHz,N/A,SIMP,5.000,OFF,100.0,023,HIGH,NORM,OFF
Home 10,N/A,470.000,ALPHA,WFM,N/A,50 KHz,N/A,SIMP,0.000,OFF,100.0,023,HIGH,NORM,OFF
Home 11,N/A,860.000,ALPHA,NFM,N/A,12.5 KH,N/A,SIMP,0.000,OFF,100.0,023,HIGH,NORM,OFF
DMR 0,N/A,120.000,ALPHA,AM,N/A,25 KHz,N/A,SIMP,0.000,OFF,100.0,023,HIGH,NORM,OFF
DMR 1,N/A,433.0875,ALPHA,NFM,N/A,25 KHz,N/A,SIMP,5.000,TONE,77.0,023,HIGH,NORM,OFF
DMR 2,N/A,434.475,ALPHA,NFM,N/A,25 KHz,N/A,SIMP,5.000,TONE,79.7,023,HIGH,NORM,OFF
DMR 3,N/A,433.0875,ALPHA,NFM,N/A,12.5 KHz,N/A,SIMP,7.600,TONE,77.0,023,HIGH,NORM,OFF
DMR 4,N/A,435.000,ALPHA,NFM,N/A,25 KHz,N/A,SIMP,5.000,OFF,100.0,023,HIGH,NORM,OFF
DMR 5,N/A,440.000,ALPHA,NFM,N/A,25 KHz,N/A,SIMP,5.000,OFF,100.0,023,HIGH,NORM,OFF
DMR 6,N/A,446.000,ALPHA,NFM,N/A,25 KHz,N/A,RPT-,5.000,OFF,100.0,023,HIGH,NORM,OFF
DMR 7,N/A,222.000,ALPHA,NFM,N/A,5 KHz,N/A,SIMP,0.000,OFF,100.0,023,HIGH,NORM,OFF
DMR 8,N/A,0.540,ALPHA,AM,N/A,10 KHz,N/A,SIMP,0.000,OFF,100.0,023,HIGH,NORM,OFF
DMR 9,N/A,88.000,ALPHA,WFM,N/A,100 KHz,N/A,SIMP,0.000,OFF,100.0,023,HIGH,NORM,OFF

